{
  "method": "smec",
  "model": "bge-small",
  "dataset": "goemotions",
  "seed": 42,
  "prefix_accuracy": {
    "j1_l0": 0.5976470588235294,
    "j1_l1": 0.4788235294117647,
    "j2_l0": 0.6088235294117647,
    "j2_l1": 0.47705882352941176,
    "j3_l0": 0.5923529411764706,
    "j3_l1": 0.46294117647058824,
    "j4_l0": 0.591764705882353,
    "j4_l1": 0.4717647058823529
  },
  "steerability": -0.0011764705882353343,
  "training": {
    "epochs_per_stage": 6,
    "total_stages": 4,
    "head_params": 660980
  }
}