{
  "method": "smec",
  "model": "bge-small",
  "dataset": "hupd_sec_cls",
  "seed": 42,
  "prefix_accuracy": {
    "j1_l0": 0.6456666666666667,
    "j1_l1": 0.5153333333333333,
    "j2_l0": 0.6446666666666667,
    "j2_l1": 0.5173333333333333,
    "j3_l0": 0.6503333333333333,
    "j3_l1": 0.525,
    "j4_l0": 0.6586666666666666,
    "j4_l1": 0.5303333333333333
  },
  "steerability": 0.002000000000000113,
  "training": {
    "epochs_per_stage": 6,
    "total_stages": 4,
    "head_params": 720872
  }
}