{
  "model": "qwen3-0.6b",
  "golden_ratio": 1.618033988749895,
  "config": {
    "l0_weight": 1.0,
    "l1_weight": 0.6180339887498948,
    "head_lr": 0.0005,
    "epochs": 10
  },
  "baseline": {
    "l0": 0.617,
    "l1": 0.505
  },
  "best": {
    "l0": 0.6475,
    "l1": 0.517,
    "epoch": 10
  }
}