{
  "model": "bge-small",
  "dataset": "clinc",
  "seeds": [
    42,
    123,
    456,
    789,
    1024
  ],
  "timestamp": "2026-02-07T19:48:01.069126",
  "results": {
    "v5": [
      {
        "ablation": "v5",
        "seed": 42,
        "steerability_score": 0.048,
        "specialization_gap": 0.0895,
        "short_coarse": 0.972,
        "full_fine": 0.9395,
        "prefix_results": {
          "j1": {
            "l0": 0.972,
            "l1": 0.8825
          },
          "j2": {
            "l0": 0.977,
            "l1": 0.9355
          },
          "j3": {
            "l0": 0.9795,
            "l1": 0.943
          },
          "j4": {
            "l0": 0.981,
            "l1": 0.9395
          }
        },
        "coarse_gain": -0.009000000000000008,
        "fine_gain": 0.05700000000000005
      },
      {
        "ablation": "v5",
        "seed": 123,
        "steerability_score": 0.053,
        "specialization_gap": 0.0915,
        "short_coarse": 0.976,
        "full_fine": 0.946,
        "prefix_results": {
          "j1": {
            "l0": 0.976,
            "l1": 0.8845
          },
          "j2": {
            "l0": 0.98,
            "l1": 0.9355
          },
          "j3": {
            "l0": 0.9845,
            "l1": 0.948
          },
          "j4": {
            "l0": 0.9845,
            "l1": 0.946
          }
        },
        "coarse_gain": -0.008500000000000063,
        "fine_gain": 0.0615
      },
      {
        "ablation": "v5",
        "seed": 456,
        "steerability_score": 0.0525,
        "specialization_gap": 0.088,
        "short_coarse": 0.9735,
        "full_fine": 0.9465,
        "prefix_results": {
          "j1": {
            "l0": 0.9735,
            "l1": 0.8855
          },
          "j2": {
            "l0": 0.982,
            "l1": 0.932
          },
          "j3": {
            "l0": 0.982,
            "l1": 0.945
          },
          "j4": {
            "l0": 0.982,
            "l1": 0.9465
          }
        },
        "coarse_gain": -0.008499999999999952,
        "fine_gain": 0.061000000000000054
      },
      {
        "ablation": "v5",
        "seed": 789,
        "steerability_score": 0.058,
        "specialization_gap": 0.093,
        "short_coarse": 0.979,
        "full_fine": 0.9475,
        "prefix_results": {
          "j1": {
            "l0": 0.979,
            "l1": 0.886
          },
          "j2": {
            "l0": 0.9805,
            "l1": 0.9425
          },
          "j3": {
            "l0": 0.9835,
            "l1": 0.947
          },
          "j4": {
            "l0": 0.9825,
            "l1": 0.9475
          }
        },
        "coarse_gain": -0.0035000000000000586,
        "fine_gain": 0.0615
      },
      {
        "ablation": "v5",
        "seed": 1024,
        "steerability_score": 0.0555,
        "specialization_gap": 0.0895,
        "short_coarse": 0.975,
        "full_fine": 0.9495,
        "prefix_results": {
          "j1": {
            "l0": 0.975,
            "l1": 0.8855
          },
          "j2": {
            "l0": 0.9825,
            "l1": 0.9375
          },
          "j3": {
            "l0": 0.9845,
            "l1": 0.943
          },
          "j4": {
            "l0": 0.9835,
            "l1": 0.9495
          }
        },
        "coarse_gain": -0.008500000000000063,
        "fine_gain": 0.06400000000000006
      }
    ],
    "inverted": [
      {
        "ablation": "inverted",
        "seed": 42,
        "prefix_results": {
          "j1": {
            "l0": 0.9745,
            "l1": 0.921
          },
          "j2": {
            "l0": 0.976,
            "l1": 0.9175
          },
          "j3": {
            "l0": 0.972,
            "l1": 0.902
          },
          "j4": {
            "l0": 0.968,
            "l1": 0.894
          }
        },
        "short_coarse": 0.9745,
        "full_fine": 0.894,
        "specialization_gap": 0.05349999999999999,
        "coarse_gain": 0.006500000000000061,
        "fine_gain": -0.027000000000000024,
        "steerability_score": -0.020499999999999963
      },
      {
        "ablation": "inverted",
        "seed": 123,
        "prefix_results": {
          "j1": {
            "l0": 0.9785,
            "l1": 0.932
          },
          "j2": {
            "l0": 0.978,
            "l1": 0.9255
          },
          "j3": {
            "l0": 0.974,
            "l1": 0.9175
          },
          "j4": {
            "l0": 0.971,
            "l1": 0.911
          }
        },
        "short_coarse": 0.9785,
        "full_fine": 0.911,
        "specialization_gap": 0.046499999999999986,
        "coarse_gain": 0.007500000000000062,
        "fine_gain": -0.02100000000000002,
        "steerability_score": -0.013499999999999956
      },
      {
        "ablation": "inverted",
        "seed": 456,
        "prefix_results": {
          "j1": {
            "l0": 0.9785,
            "l1": 0.931
          },
          "j2": {
            "l0": 0.9785,
            "l1": 0.9235
          },
          "j3": {
            "l0": 0.974,
            "l1": 0.914
          },
          "j4": {
            "l0": 0.973,
            "l1": 0.9065
          }
        },
        "short_coarse": 0.9785,
        "full_fine": 0.9065,
        "specialization_gap": 0.04749999999999999,
        "coarse_gain": 0.00550000000000006,
        "fine_gain": -0.024500000000000077,
        "steerability_score": -0.019000000000000017
      },
      {
        "ablation": "inverted",
        "seed": 789,
        "prefix_results": {
          "j1": {
            "l0": 0.9745,
            "l1": 0.926
          },
          "j2": {
            "l0": 0.971,
            "l1": 0.9205
          },
          "j3": {
            "l0": 0.967,
            "l1": 0.904
          },
          "j4": {
            "l0": 0.9645,
            "l1": 0.892
          }
        },
        "short_coarse": 0.9745,
        "full_fine": 0.892,
        "specialization_gap": 0.04849999999999999,
        "coarse_gain": 0.010000000000000009,
        "fine_gain": -0.03400000000000003,
        "steerability_score": -0.02400000000000002
      },
      {
        "ablation": "inverted",
        "seed": 1024,
        "prefix_results": {
          "j1": {
            "l0": 0.978,
            "l1": 0.9255
          },
          "j2": {
            "l0": 0.976,
            "l1": 0.9245
          },
          "j3": {
            "l0": 0.973,
            "l1": 0.9135
          },
          "j4": {
            "l0": 0.9695,
            "l1": 0.9045
          }
        },
        "short_coarse": 0.978,
        "full_fine": 0.9045,
        "specialization_gap": 0.05249999999999999,
        "coarse_gain": 0.008499999999999952,
        "fine_gain": -0.02100000000000002,
        "steerability_score": -0.012500000000000067
      }
    ],
    "no_prefix": [
      {
        "ablation": "no_prefix",
        "seed": 42,
        "prefix_results": {
          "j1": {
            "l0": 0.977,
            "l1": 0.9395
          },
          "j2": {
            "l0": 0.9825,
            "l1": 0.9485
          },
          "j3": {
            "l0": 0.98,
            "l1": 0.9485
          },
          "j4": {
            "l0": 0.9785,
            "l1": 0.9495
          }
        },
        "short_coarse": 0.977,
        "full_fine": 0.9495,
        "specialization_gap": 0.03749999999999998,
        "coarse_gain": -0.0015000000000000568,
        "fine_gain": 0.010000000000000009,
        "steerability_score": 0.008499999999999952
      },
      {
        "ablation": "no_prefix",
        "seed": 123,
        "prefix_results": {
          "j1": {
            "l0": 0.972,
            "l1": 0.927
          },
          "j2": {
            "l0": 0.9805,
            "l1": 0.9485
          },
          "j3": {
            "l0": 0.9815,
            "l1": 0.956
          },
          "j4": {
            "l0": 0.9825,
            "l1": 0.955
          }
        },