{
  "phase": "fit",
  "curve_fit": {
    "best_form": "logarithmic",
    "best_params": [
      0.085259164804549,
      0.2792854864717256
    ],
    "best_cv_r2": -0.260818327897145,
    "all_results": {
      "saturating_exp": {
        "params": [
          0.3240236415930659,
          0.04824602935091239,
          0.3515200167267943
        ],
        "r2": 0.5559422895386763,
        "rmse": 0.059878219719357695,
        "cv_r2s": {
          "bge-small": -0.6137969183073717,
          "e5-small": 0.08663242248137792,
          "minilm": -1.0267697105440914
        },
        "mean_cv_r2": -0.5179780687900284
      },
      "logarithmic": {
        "params": [
          0.085259164804549,
          0.2792854864717256
        ],
        "r2": 0.5380228130779559,
        "rmse": 0.061074432027241235,
        "cv_r2s": {
          "bge-small": -0.3077559018944709,
          "e5-small": 0.3594846918487018,
          "minilm": -0.8341837736456659
        },
        "mean_cv_r2": -0.260818327897145
      },
      "power_law": {
        "params": [
          0.16626920869592274,
          0.2525529453230253,
          0.1821025415708412
        ],
        "r2": 0.5414326146890234,
        "rmse": 0.060848622833719154,
        "cv_r2s": {
          "bge-small": -0.333119096783262,
          "e5-small": 0.0996910760081825,
          "minilm": -0.7013727603232234
        },
        "mean_cv_r2": -0.31160026036610095
      }
    },
    "n_points": 144,
    "G_range": [
      0.40518554673454493,
      141.9949618096979
    ],
    "knn_range": [
      0.23499999940395355,
      0.7524999976158142
    ]
  },
  "mediation": {
    "r2_G_only": 0.34440824107012336,
    "r2_G_plus_model": 0.5633990234346011,
    "delta_r2": 0.21899078236447778,
    "f_stat": 23.407116319504684,
    "f_p": 2.436606472144831e-12,
    "mediation_holds": false,
    "n_models": 3,
    "models": [
      "bge-small",
      "e5-small",
      "minilm"
    ],
    "n_points": 144
  },
  "n_week2_points": 96,
  "n_week3_points": 144
}