{
  "objective": "mlm",
  "model": "pythia-160m",
  "lora_r": 16,
  "num_steps": 500,
  "avg_loss": 4.833282518863678,
  "train_time_sec": 19.721547842025757,
  "geometry": {
    "0": {
      "layer": 0,
      "s_relative": 0.0,
      "anisotropy": 0.04269116371870041,
      "effective_rank": 272.8046569824219,
      "spectral_concentration_top10": 0.23959147930145264,
      "intrinsic_dim": 300.2019800535688
    },
    "1": {
      "layer": 1,
      "s_relative": 0.08333333333333333,
      "anisotropy": 0.2909879982471466,
      "effective_rank": 307.9808654785156,
      "spectral_concentration_top10": 0.46629801392555237,
      "intrinsic_dim": 34.72998642188152
    },
    "2": {
      "layer": 2,
      "s_relative": 0.16666666666666666,
      "anisotropy": 0.4082219898700714,
      "effective_rank": 318.820556640625,
      "spectral_concentration_top10": 0.5794452428817749,
      "intrinsic_dim": 28.735828814306675
    },
    "3": {
      "layer": 3,
      "s_relative": 0.25,
      "anisotropy": 0.41447001695632935,
      "effective_rank": 323.0982971191406,
      "spectral_concentration_top10": 0.5777878761291504,
      "intrinsic_dim": 26.665031586248123
    },
    "4": {
      "layer": 4,
      "s_relative": 0.3333333333333333,
      "anisotropy": 0.37563663721084595,
      "effective_rank": 294.2917785644531,
      "spectral_concentration_top10": 0.7267430424690247,
      "intrinsic_dim": 28.873570961541073
    },
    "5": {
      "layer": 5,
      "s_relative": 0.4166666666666667,
      "anisotropy": 0.4971478581428528,
      "effective_rank": 281.82220458984375,
      "spectral_concentration_top10": 0.7791832685470581,
      "intrinsic_dim": 28.21392427223475
    },
    "6": {
      "layer": 6,
      "s_relative": 0.5,
      "anisotropy": 0.6283010840415955,
      "effective_rank": 258.7162170410156,
      "spectral_concentration_top10": 0.8311102986335754,
      "intrinsic_dim": 24.306883636308406
    },
    "7": {
      "layer": 7,
      "s_relative": 0.5833333333333334,
      "anisotropy": 0.7229233980178833,
      "effective_rank": 249.8192596435547,
      "spectral_concentration_top10": 0.8601519465446472,
      "intrinsic_dim": 24.18252748150078
    },
    "8": {
      "layer": 8,
      "s_relative": 0.6666666666666666,
      "anisotropy": 0.8030551075935364,
      "effective_rank": 233.1761474609375,
      "spectral_concentration_top10": 0.8910579085350037,
      "intrinsic_dim": 22.37460916180497
    },
    "9": {
      "layer": 9,
      "s_relative": 0.75,
      "anisotropy": 0.7335907816886902,
      "effective_rank": 249.14710998535156,
      "spectral_concentration_top10": 0.8560705184936523,
      "intrinsic_dim": 22.714461439010737
    },
    "10": {
      "layer": 10,
      "s_relative": 0.8333333333333334,
      "anisotropy": 0.6737786531448364,
      "effective_rank": 261.99664306640625,
      "spectral_concentration_top10": 0.8118495941162109,
      "intrinsic_dim": 22.19920812031919
    },
    "11": {
      "layer": 11,
      "s_relative": 0.9166666666666666,
      "anisotropy": 0.6781150102615356,
      "effective_rank": 269.1631774902344,
      "spectral_concentration_top10": 0.801364541053772,
      "intrinsic_dim": 22.483351471420566
    },
    "12": {
      "layer": 12,
      "s_relative": 1.0,
      "anisotropy": 0.9881530404090881,
      "effective_rank": 78.8297119140625,
      "spectral_concentration_top10": 0.9919384717941284,
      "intrinsic_dim": 24.163401415307764
    }
  },
  "quality": {
    "clinc": {
      "0": {
        "layer": 0,
        "knn_l0": 0.487,
        "knn_l1": 0.197
      },
      "1": {
        "layer": 1,
        "knn_l0": 0.491,
        "knn_l1": 0.226
      },
      "2": {
        "layer": 2,
        "knn_l0": 0.494,
        "knn_l1": 0.212
      },
      "3": {
        "layer": 3,
        "knn_l0": 0.513,
        "knn_l1": 0.221
      },
      "4": {
        "layer": 4,
        "knn_l0": 0.556,
        "knn_l1": 0.262
      },
      "5": {
        "layer": 5,
        "knn_l0": 0.578,
        "knn_l1": 0.262
      },
      "6": {
        "layer": 6,
        "knn_l0": 0.572,
        "knn_l1": 0.268
      },
      "7": {
        "layer": 7,
        "knn_l0": 0.581,
        "knn_l1": 0.284
      },
      "8": {
        "layer": 8,
        "knn_l0": 0.62,
        "knn_l1": 0.323
      },
      "9": {
        "layer": 9,
        "knn_l0": 0.64,
        "knn_l1": 0.332
      },
      "10": {
        "layer": 10,
        "knn_l0": 0.624,
        "knn_l1": 0.324
      },
      "11": {
        "layer": 11,
        "knn_l0": 0.619,
        "knn_l1": 0.324
      },
      "12": {
        "layer": 12,
        "knn_l0": 0.64,
        "knn_l1": 0.322
      }
    },
    "dbpedia_classes": {
      "0": {
        "layer": 0,
        "knn_l0": 0.463,
        "knn_l1": 0.065
      },
      "1": {
        "layer": 1,
        "knn_l0": 0.582,
        "knn_l1": 0.17
      },
      "2": {
        "layer": 2,
        "knn_l0": 0.601,
        "knn_l1": 0.179
      },
      "3": {
        "layer": 3,
        "knn_l0": 0.641,
        "knn_l1": 0.2
      },
      "4": {
        "layer": 4,
        "knn_l0": 0.589,
        "knn_l1": 0.168
      },
      "5": {
        "layer": 5,
        "knn_l0": 0.61,
        "knn_l1": 0.206
      },
      "6": {
        "layer": 6,
        "knn_l0": 0.661,
        "knn_l1": 0.227
      },
      "7": {
        "layer": 7,
        "knn_l0": 0.656,
        "knn_l1": 0.228
      },
      "8": {
        "layer": 8,
        "knn_l0": 0.698,
        "knn_l1": 0.304
      },
      "9": {
        "layer": 9,
        "knn_l0": 0.675,
        "knn_l1": 0.283
      },
      "10": {
        "layer": 10,
        "knn_l0": 0.699,
        "knn_l1": 0.323
      },
      "11": {
        "layer": 11,
        "knn_l0": 0.695,
        "knn_l1": 0.33
      },
      "12": {
        "layer": 12,
        "knn_l0": 0.705,
        "knn_l1": 0.34
      }
    },
    "yahoo": {
      "0": {
        "layer": 0,
        "knn_l0": 0.342,
        "knn_l1": 0.163
      },
      "1": {
        "layer": 1,
        "knn_l0": 0.417,
        "knn_l1": 0.301
      },
      "2": {
        "layer": 2,
        "knn_l0": 0.408,
        "knn_l1": 0.266
      },
      "3": {
        "layer": 3,
        "knn_l0": 0.412,
        "knn_l1": 0.273
      },
      "4": {
        "layer": 4,
        "knn_l0": 0.405,
        "knn_l1": 0.242
      },
      "5": {
        "layer": 5,
        "knn_l0": 0.417,
        "knn_l1": 0.238
      },
      "6": {
        "layer": 6,
        "knn_l0": 0.402,
        "knn_l1": 0.251
      },
      "7": {
        "layer": 7,
        "knn_l0": 0.401,
        "knn_l1": 0.251
      },
      "8": {
        "layer": 8,
        "knn_l0": 0.451,
        "knn_l1": 0.324
      },
      "9": {
        "layer": 9,
        "knn_l0": 0.469,
        "knn_l1": 0.33
      },
      "10": {
        "layer": 10,
        "knn_l0": 0.46,
        "knn_l1": 0.333
      },
      "11": {
        "layer": 11,
        "knn_l0": 0.452,
        "knn_l1": 0.31
      },
      "12": {
        "layer": 12,
        "knn_l0": 0.455,
        "knn_l1": 0.303
      }
    },
    "20newsgroups": {
      "0": {
        "layer": 0,
        "knn_l0": 0.224,
        "knn_l1": 0.057
      },
      "1": {
        "layer": 1,
        "knn_l0": 0.313,
        "knn_l1": 0.091
      },
      "2": {
        "layer": 2,
        "knn_l0": 0.325,
        "knn_l1": 0.086
      },
      "3": {
        "layer": 3,
        "knn_l0": 0.313,
        "knn_l1": 0.081
      },
      "4": {
        "layer": 4,
        "knn_l0": 0.313,
        "knn_l1": 0.09
      },
      "5": {
        "layer": 5,
        "knn_l0": 0.31,
        "knn_l1": 0.085
      },
      "6": {
        "layer": 6,
        "knn_l0": 0.319,
        "knn_l1": 0.098
      },
      "7": {
        "layer": 7,
        "knn_l0": 0.303,
        "knn_l1": 0.09
      },
      "8": {
        "layer": 8,
        "knn_l0": 0.319,
        "knn_l1": 0.096
      },
      "9": {
        "layer": 9,