{
  "objective": "lm",
  "model": "pythia-160m",
  "lora_r": 16,
  "num_steps": 500,
  "avg_loss": 3.8799751162528993,
  "train_time_sec": 20.55444312095642,
  "geometry": {
    "0": {
      "layer": 0,
      "s_relative": 0.0,
      "anisotropy": 0.03077380359172821,
      "effective_rank": 272.8046569824219,
      "spectral_concentration_top10": 0.23959147930145264,
      "intrinsic_dim": 300.2019800535688
    },
    "1": {
      "layer": 1,
      "s_relative": 0.08333333333333333,
      "anisotropy": 0.2898152768611908,
      "effective_rank": 307.072021484375,
      "spectral_concentration_top10": 0.46751922369003296,
      "intrinsic_dim": 33.57104812598746
    },
    "2": {
      "layer": 2,
      "s_relative": 0.16666666666666666,
      "anisotropy": 0.3905247449874878,
      "effective_rank": 320.3846130371094,
      "spectral_concentration_top10": 0.5598211288452148,
      "intrinsic_dim": 27.92461387312405
    },
    "3": {
      "layer": 3,
      "s_relative": 0.25,
      "anisotropy": 0.38604673743247986,
      "effective_rank": 326.0580749511719,
      "spectral_concentration_top10": 0.553450345993042,
      "intrinsic_dim": 25.025848865257792
    },
    "4": {
      "layer": 4,
      "s_relative": 0.3333333333333333,
      "anisotropy": 0.3456341326236725,
      "effective_rank": 294.5620422363281,
      "spectral_concentration_top10": 0.728437066078186,
      "intrinsic_dim": 26.88861533603766
    },
    "5": {
      "layer": 5,
      "s_relative": 0.4166666666666667,
      "anisotropy": 0.4529280364513397,
      "effective_rank": 284.7746276855469,
      "spectral_concentration_top10": 0.7752561569213867,
      "intrinsic_dim": 25.919973061793456
    },
    "6": {
      "layer": 6,
      "s_relative": 0.5,
      "anisotropy": 0.5910701155662537,
      "effective_rank": 264.43328857421875,
      "spectral_concentration_top10": 0.8267145752906799,
      "intrinsic_dim": 24.132464532941302
    },
    "7": {
      "layer": 7,
      "s_relative": 0.5833333333333334,
      "anisotropy": 0.660621166229248,
      "effective_rank": 262.5989074707031,
      "spectral_concentration_top10": 0.8425971269607544,
      "intrinsic_dim": 24.375421178338982
    },
    "8": {
      "layer": 8,
      "s_relative": 0.6666666666666666,
      "anisotropy": 0.7353277206420898,
      "effective_rank": 253.7917938232422,
      "spectral_concentration_top10": 0.8630762696266174,
      "intrinsic_dim": 23.794878446568873
    },
    "9": {
      "layer": 9,
      "s_relative": 0.75,
      "anisotropy": 0.6873592734336853,
      "effective_rank": 264.023681640625,
      "spectral_concentration_top10": 0.8366574048995972,
      "intrinsic_dim": 24.686240284286356
    },
    "10": {
      "layer": 10,
      "s_relative": 0.8333333333333334,
      "anisotropy": 0.6334037780761719,
      "effective_rank": 270.7188720703125,
      "spectral_concentration_top10": 0.7947315573692322,
      "intrinsic_dim": 24.938825930173344
    },
    "11": {
      "layer": 11,
      "s_relative": 0.9166666666666666,
      "anisotropy": 0.6313442587852478,
      "effective_rank": 278.78070068359375,
      "spectral_concentration_top10": 0.7801228761672974,
      "intrinsic_dim": 22.91256580701647
    },
    "12": {
      "layer": 12,
      "s_relative": 1.0,
      "anisotropy": 0.9871744513511658,
      "effective_rank": 87.15906524658203,
      "spectral_concentration_top10": 0.9907405972480774,
      "intrinsic_dim": 29.252680230822655
    }
  },
  "quality": {
    "clinc": {
      "0": {
        "layer": 0,
        "knn_l0": 0.487,
        "knn_l1": 0.197
      },
      "1": {
        "layer": 1,
        "knn_l0": 0.498,
        "knn_l1": 0.223
      },
      "2": {
        "layer": 2,
        "knn_l0": 0.497,
        "knn_l1": 0.212
      },
      "3": {
        "layer": 3,
        "knn_l0": 0.496,
        "knn_l1": 0.22
      },
      "4": {
        "layer": 4,
        "knn_l0": 0.569,
        "knn_l1": 0.259
      },
      "5": {
        "layer": 5,
        "knn_l0": 0.575,
        "knn_l1": 0.27
      },
      "6": {
        "layer": 6,
        "knn_l0": 0.577,
        "knn_l1": 0.256
      },
      "7": {
        "layer": 7,
        "knn_l0": 0.589,
        "knn_l1": 0.301
      },
      "8": {
        "layer": 8,
        "knn_l0": 0.617,
        "knn_l1": 0.327
      },
      "9": {
        "layer": 9,
        "knn_l0": 0.599,
        "knn_l1": 0.322
      },
      "10": {
        "layer": 10,
        "knn_l0": 0.605,
        "knn_l1": 0.311
      },
      "11": {
        "layer": 11,
        "knn_l0": 0.593,
        "knn_l1": 0.299
      },
      "12": {
        "layer": 12,
        "knn_l0": 0.643,
        "knn_l1": 0.353
      }
    },
    "dbpedia_classes": {
      "0": {
        "layer": 0,
        "knn_l0": 0.463,
        "knn_l1": 0.065
      },
      "1": {
        "layer": 1,
        "knn_l0": 0.585,
        "knn_l1": 0.165
      },
      "2": {
        "layer": 2,
        "knn_l0": 0.6,
        "knn_l1": 0.168
      },
      "3": {
        "layer": 3,
        "knn_l0": 0.636,
        "knn_l1": 0.206
      },
      "4": {
        "layer": 4,
        "knn_l0": 0.592,
        "knn_l1": 0.164
      },
      "5": {
        "layer": 5,
        "knn_l0": 0.602,
        "knn_l1": 0.19
      },
      "6": {
        "layer": 6,
        "knn_l0": 0.639,
        "knn_l1": 0.205
      },
      "7": {
        "layer": 7,
        "knn_l0": 0.657,
        "knn_l1": 0.23
      },
      "8": {
        "layer": 8,
        "knn_l0": 0.686,
        "knn_l1": 0.278
      },
      "9": {
        "layer": 9,
        "knn_l0": 0.657,
        "knn_l1": 0.277
      },
      "10": {
        "layer": 10,
        "knn_l0": 0.684,
        "knn_l1": 0.295
      },
      "11": {
        "layer": 11,
        "knn_l0": 0.69,
        "knn_l1": 0.326
      },
      "12": {
        "layer": 12,
        "knn_l0": 0.691,
        "knn_l1": 0.324
      }
    },
    "yahoo": {
      "0": {
        "layer": 0,
        "knn_l0": 0.342,
        "knn_l1": 0.163
      },
      "1": {
        "layer": 1,
        "knn_l0": 0.41,
        "knn_l1": 0.279
      },
      "2": {
        "layer": 2,
        "knn_l0": 0.416,
        "knn_l1": 0.278
      },
      "3": {
        "layer": 3,
        "knn_l0": 0.417,
        "knn_l1": 0.254
      },
      "4": {
        "layer": 4,
        "knn_l0": 0.405,
        "knn_l1": 0.252
      },
      "5": {
        "layer": 5,
        "knn_l0": 0.413,
        "knn_l1": 0.257
      },
      "6": {
        "layer": 6,
        "knn_l0": 0.414,
        "knn_l1": 0.242
      },
      "7": {
        "layer": 7,
        "knn_l0": 0.402,
        "knn_l1": 0.232
      },
      "8": {
        "layer": 8,
        "knn_l0": 0.392,
        "knn_l1": 0.282
      },
      "9": {
        "layer": 9,
        "knn_l0": 0.413,
        "knn_l1": 0.262
      },
      "10": {
        "layer": 10,
        "knn_l0": 0.404,
        "knn_l1": 0.249
      },
      "11": {
        "layer": 11,
        "knn_l0": 0.388,
        "knn_l1": 0.251
      },
      "12": {
        "layer": 12,
        "knn_l0": 0.381,
        "knn_l1": 0.248
      }
    },
    "20newsgroups": {
      "0": {
        "layer": 0,
        "knn_l0": 0.224,
        "knn_l1": 0.057
      },
      "1": {
        "layer": 1,
        "knn_l0": 0.307,
        "knn_l1": 0.093
      },
      "2": {
        "layer": 2,
        "knn_l0": 0.332,
        "knn_l1": 0.08
      },
      "3": {
        "layer": 3,
        "knn_l0": 0.315,
        "knn_l1": 0.085
      },
      "4": {
        "layer": 4,
        "knn_l0": 0.302,
        "knn_l1": 0.091
      },
      "5": {
        "layer": 5,
        "knn_l0": 0.306,
        "knn_l1": 0.087
      },
      "6": {
        "layer": 6,
        "knn_l0": 0.301,
        "knn_l1": 0.093
      },
      "7": {
        "layer": 7,
        "knn_l0": 0.305,
        "knn_l1": 0.071
      },
      "8": {
        "layer": 8,
        "knn_l0": 0.297,
        "knn_l1": 0.086
      },
      "9": {
        "layer": 9,