{
  "experiment": "CTI Profile Likelihood CIs",
  "n_observations": 5004,
  "n_grid": 30,
  "n_restarts": 8,
  "best_nll": 7.8737315246971775,
  "best_params": {
    "alpha": 0.12272632052783355,
    "beta": 0.6950452378900778,
    "mu_0": -0.921272720351035,
    "mu_1": 0.08060501271696939,
    "b_agnews": -3.378817583384472,
    "b_clinc": -3.5362227724334216,
    "b_dbpedia_classes": -3.55562732149305,
    "b_trec": -2.556926091281386
  },
  "profile_cis": {
    "alpha": {
      "mle": 0.12272632052783355,
      "ci_95_lo": -0.03244609326526987,
      "ci_95_hi": 0.1951401136312818,
      "ci_width": 0.22758620689655168
    },
    "beta": {
      "mle": 0.6950452378900778,
      "ci_95_lo": 0.08155640391966322,
      "ci_95_hi": 2.0851357136702333,
      "ci_width": 2.0035793097505703
    },
    "mu_0": {
      "mle": -0.921272720351035,
      "ci_95_lo": -2.0,
      "ci_95_hi": 0.921272720351035,
      "ci_width": 2.921272720351035
    },
    "mu_1": {
      "mle": 0.08060501271696939,
      "ci_95_lo": -0.03318809073130646,
      "ci_95_hi": 0.2978463920273143,
      "ci_width": 0.33103448275862074
    }
  }
}