{
  "experiment": "beta_constrained_model_comparison",
  "timestamp": "2026-02-23T06:14:30.358152",
  "n_total_points": 448,
  "n_models": 19,
  "n_datasets": 10,
  "pre_registered": {
    "PR_WIN": "M2 (beta=-0.5) LOAO MAE <= M1 (beta=-1) LOAO MAE",
    "PR_CLOSE": "relative improvement >= 3%",
    "PR_UNCON_GAP": "unconstrained within 5% of winner"
  },
  "global_fits": {
    "M0": {
      "alpha": 3.985798106531699,
      "beta": -0.2524192963577143,
      "C": -1.1261541372968737,
      "global_mae": 0.8636200333842182
    },
    "M1": {
      "alpha": 3.7576059650491254,
      "beta": -1.0,
      "C": 0.9583177523323854,
      "global_mae": 0.9800716059884714
    },
    "M2": {
      "alpha": 3.9102263713616465,
      "beta": -0.5,
      "C": -0.43582730750764864,
      "global_mae": 0.8497813236563746
    },
    "M3": {
      "alpha": 4.062846777674166,
      "beta": 0.0,
      "C": -1.8299723673476824,
      "global_mae": 0.9444991243461078
    }
  },
  "loao_cv": {
    "M0": {
      "mean_mae": 0.9750624246781543,
      "std_mae": 0.9641140531606268,
      "n_groups": 19,
      "per_group": [
        0.5771089047602169,
        1.079193421877946,
        0.8590932519507806,
        0.8944651933045286,
        0.7521548429359735,
        0.8603471655869537,
        0.8293090814217776,
        0.6184217223431042,
        0.8059779442601037,
        0.6592141065071921,
        0.5996054523647897,
        0.8099624580748698,
        0.6029639068869003,
        5.029167438060584,
        0.7931937388832069,
        0.6773013959165578,
        0.7897397885583214,
        0.7308402520816801,
        0.5581260031094442
      ]
    },
    "M1": {
      "mean_mae": 1.0159098245038614,
      "std_mae": 0.9917799414092927,
      "n_groups": 19,
      "per_group": [
        0.8746574444886855,
        0.8447265430951262,
        1.0524801087434263,
        0.7153078444774034,
        1.0110903592711498,
        0.7315181600913704,
        0.7066661651691981,
        0.6031344781423627,
        0.5836950200499014,
        0.5895717104764827,
        0.7008484154481749,
        1.0142271137420389,
        0.7646453079844654,
        5.181260844847785,
        0.7002474431414946,
        0.9755065233974779,
        0.7299652536243866,
        0.700933703237232,
        0.8218042261452027
      ]
    },
    "M2": {
      "mean_mae": 0.9224164200919148,
      "std_mae": 0.9765140339076099,
      "n_groups": 19,
      "per_group": [
        0.6274963985703679,
        0.9457947214459672,
        0.8764896013103989,
        0.7971352561566551,
        0.8005820407511981,
        0.7645821948401799,
        0.6885965926549296,
        0.5305097574889319,
        0.6482671850916082,
        0.5116067265502051,
        0.6217618673255925,
        0.8381085123490074,
        0.5679817070653793,
        5.036536267002777,
        0.6548132762604784,
        0.7348271634312621,
        0.6710023406430516,
        0.6030934175637417,
        0.6067269552446494
      ]
    },
    "M3": {
      "mean_mae": 1.0619182242556306,
      "std_mae": 0.9132745280467393,
      "n_groups": 19,
      "per_group": [
        0.6230719953988408,
        1.1971769777805128,
        0.9060556731497705,
        1.0127616827496633,
        0.8137238825611737,
        0.9829973585752652,
        0.9586979560836817,
        0.7544077540927496,
        0.9442829941536093,
        0.8044964747522043,
        0.7100821206721155,
        0.8151955710159229,
        0.6966324417603995,
        4.8918116891577705,
        0.9203453808019612,
        0.7140949466072597,
        0.9198162110790566,
        0.858575443096399,
        0.6522197073686241
      ]
    }
  },
  "lodo_cv": {
    "M0": {
      "mean_mae": 0.8975864549078109,
      "std_mae": 0.5018929555509312,
      "n_groups": 10,
      "per_group": [
        0.5980849012651411,
        1.02292458718401,
        0.6363035741991868,
        0.37155708589138103,
        1.5109932662276528,
        0.22554396868912427,
        0.9372502003795496,
        1.9708928678748983,
        1.054625291485806,
        0.6476888058813594
      ]
    },
    "M1": {
      "mean_mae": 1.1466363241542827,
      "std_mae": 0.5031937047120965,
      "n_groups": 10,
      "per_group": [
        0.6159180672755271,
        1.6340839477524018,
        1.6300145493372862,
        1.5476802901031386,
        1.4475251600161512,
        1.1245732894530442,
        0.4404221340248217,
        1.6744530524227021,
        0.28428219304176366,
        1.0674105581159907
      ]
    },
    "M2": {
      "mean_mae": 0.9235018912446396,
      "std_mae": 0.4059706859482708,
      "n_groups": 10,
      "per_group": [
        0.5977923809504551,
        0.9956507667973147,
        0.9130062478872857,
        0.6867581362703983,
        1.4887117268854,
        0.5009279260409615,
        0.6918307115100062,
        1.8557014256381585,
        0.7261757012650142,
        0.778463889201403
      ]
    },
    "M3": {
      "mean_mae": 0.9541960165298076,
      "std_mae": 0.6027793524741584,
      "n_groups": 10,
      "per_group": [
        0.6006286362428996,
        1.5940978865133302,
        0.42808562980375137,
        0.35074183943342785,
        1.5298982937546475,
        0.19174617289143914,
        1.0394259582324572,
        2.0643726865761516,
        1.2534458415631546,
        0.489517220286815
      ]
    }
  },
  "verdict": {
    "winner": "M2",
    "PR_WIN": true,
    "PR_CLOSE": true,
    "PR_UNCON_GAP": false,
    "loao_m1": 1.0159098245038614,
    "loao_m2": 0.9224164200919148,
    "loao_m0": 0.9750624246781543,
    "loao_m3": 1.0619182242556306,
    "m2_relative_improvement_over_m1": 0.0920292354270772
  }
}