{
  "experiment": "deep_hierarchy",
  "model": "bge-small",
  "timestamp": "2026-02-13T01:58:08.270136",
  "summaries": [
    {
      "config": "hupd_sec_cls",
      "v5_mean": 0.043199999999999995,
      "mrl_mean": -0.0019999999999999797,
      "v5_std": 0.017371240600486802,
      "mrl_std": 0.015491933384829687
    },
    {
      "config": "hupd_sec_sub",
      "v5_mean": 0.044800000000000006,
      "mrl_mean": -0.008800000000000007,
      "v5_std": 0.018486752013266165,
      "mrl_std": 0.008158431221748462
    },
    {
      "config": "hwv_l0_l2",
      "v5_mean": 0.09199999999999994,
      "mrl_mean": 0.018000000000000016,
      "v5_std": 0.011384199576606163,
      "mrl_std": 0.01019803902718558
    },
    {
      "config": "hwv_l0_l3",
      "v5_mean": 0.0764,
      "mrl_mean": 0.005199999999999982,
      "v5_std": 0.01591979899370596,
      "mrl_std": 0.00664529909033447
    }
  ]
}