{
  "model": "qwen3-0.6b",
  "depths": [
    5,
    6,
    7
  ],
  "seeds": [
    42,
    123,
    456
  ],
  "results": {
    "depth_5": {
      "raw": [
        {
          "seed": 42,
          "depth": 5,
          "flat": {
            "l0_acc": 0.9993055555555556,
            "l1_acc": 0.2517361111111111,
            "l2_acc": 0.2520833333333333,
            "l3_acc": 0.3265625,
            "l4_acc": 0.3265625,
            "hier_acc": 0.009027777777777777,
            "epoch": 5
          },
          "fractal": {
            "l0_acc": 0.9996527777777777,
            "l1_acc": 0.24947916666666667,
            "l2_acc": 0.2503472222222222,
            "l3_acc": 0.33368055555555554,
            "l4_acc": 0.33125,
            "hier_acc": 0.007465277777777778,
            "epoch": 4
          }
        },
        {
          "seed": 123,
          "depth": 5,
          "flat": {
            "l0_acc": 0.9996527777777777,
            "l1_acc": 0.24444444444444444,
            "l2_acc": 0.25190972222222224,
            "l3_acc": 0.3333333333333333,
            "l4_acc": 0.3284722222222222,
            "hier_acc": 0.008854166666666666,
            "epoch": 5
          },
          "fractal": {
            "l0_acc": 0.9982638888888888,
            "l1_acc": 0.24965277777777778,
            "l2_acc": 0.2498263888888889,
            "l3_acc": 0.3328125,
            "l4_acc": 0.3315972222222222,
            "hier_acc": 0.007465277777777778,
            "epoch": 1
          }
        },
        {
          "seed": 456,
          "depth": 5,
          "flat": {
            "l0_acc": 0.9993055555555556,
            "l1_acc": 0.25364583333333335,
            "l2_acc": 0.24965277777777778,
            "l3_acc": 0.3404513888888889,
            "l4_acc": 0.3411458333333333,
            "hier_acc": 0.007118055555555555,
            "epoch": 6
          },
          "fractal": {
            "l0_acc": 0.9979166666666667,
            "l1_acc": 0.2534722222222222,
            "l2_acc": 0.2503472222222222,
            "l3_acc": 0.3371527777777778,
            "l4_acc": 0.3333333333333333,
            "hier_acc": 0.00920138888888889,
            "epoch": 6
          }
        }
      ],
      "statistics": {
        "flat": {
          "hier_acc": {
            "mean": 0.008333333333333333,
            "ci_95": 0.001195016282152278,
            "values": [
              0.009027777777777777,
              0.008854166666666666,
              0.007118055555555555
            ]
          },
          "l0_acc": {
            "mean": 0.9994212962962963,
            "ci_95": 0.0002268518518518148,
            "values": [
              0.9993055555555556,
              0.9996527777777777,
              0.9993055555555556
            ]
          },
          "l1_acc": {
            "mean": 0.2499421296296296,
            "ci_95": 0.005495014946071093,
            "values": [
              0.2517361111111111,
              0.24444444444444444,
              0.25364583333333335
            ]
          },
          "l2_acc": {
            "mean": 0.2512152777777778,
            "ci_95": 0.0015343974853355708,
            "values": [
              0.2520833333333333,
              0.25190972222222224,
              0.24965277777777778
            ]
          },
          "l3_acc": {
            "mean": 0.3334490740740741,
            "ci_95": 0.007859197202450747,
            "values": [
              0.3265625,
              0.3333333333333333,
              0.3404513888888889
            ]
          },
          "l4_acc": {
            "mean": 0.33206018518518515,
            "ci_95": 0.008969258638425844,
            "values": [
              0.3265625,
              0.3284722222222222,
              0.3411458333333333
            ]
          }
        },
        "fractal": {
          "hier_acc": {
            "mean": 0.008043981481481482,
            "ci_95": 0.0011342592592592591,
            "values": [
              0.007465277777777778,
              0.007465277777777778,
              0.00920138888888889
            ]
          },
          "l0_acc": {
            "mean": 0.998611111111111,
            "ci_95": 0.001039565782651992,
            "values": [
              0.9996527777777777,
              0.9982638888888888,
              0.9979166666666667
            ]
          },
          "l1_acc": {
            "mean": 0.2508680555555555,
            "ci_95": 0.0025539730657902107,
            "values": [
              0.24947916666666667,
              0.24965277777777778,
              0.2534722222222222
            ]
          },
          "l2_acc": {
            "mean": 0.2501736111111111,
            "ci_95": 0.0003402777777777766,
            "values": [
              0.2503472222222222,
              0.2498263888888889,
              0.2503472222222222
            ]
          },
          "l3_acc": {
            "mean": 0.3345486111111111,
            "ci_95": 0.002598914456630063,
            "values": [
              0.33368055555555554,
              0.3328125,
              0.3371527777777778
            ]
          },
          "l4_acc": {
            "mean": 0.33206018518518515,
            "ci_95": 0.001263057656382732,
            "values": [
              0.33125,
              0.3315972222222222,
              0.3333333333333333
            ]
          }
        }
      }
    },
    "depth_6": {
      "raw": [
        {
          "seed": 42,
          "depth": 6,
          "flat": {
            "l0_acc": 0.9987847222222223,
            "l1_acc": 0.2524884259259259,
            "l2_acc": 0.25416666666666665,
            "l3_acc": 0.3332175925925926,
            "l4_acc": 0.3333333333333333,
            "l5_acc": 0.3335648148148148,
            "hier_acc": 0.0028935185185185184,
            "epoch": 1
          },
          "fractal": {
            "l0_acc": 0.9997685185185186,
            "l1_acc": 0.24971064814814814,
            "l2_acc": 0.25069444444444444,
            "l3_acc": 0.3332175925925926,
            "l4_acc": 0.33622685185185186,
            "l5_acc": 0.33368055555555554,
            "hier_acc": 0.0024305555555555556,
            "epoch": 3
          }
        },
        {
          "seed": 123,
          "depth": 6,
          "flat": {
            "l0_acc": 0.9999421296296296,
            "l1_acc": 0.24988425925925925,
            "l2_acc": 0.2523148148148148,
            "l3_acc": 0.3365162037037037,
            "l4_acc": 0.3349537037037037,
            "l5_acc": 0.3366898148148148,
            "hier_acc": 0.0027199074074074074,
            "epoch": 5
          },
          "fractal": {
            "l0_acc": 0.9987268518518518,
            "l1_acc": 0.25005787037037036,
            "l2_acc": 0.24936342592592592,
            "l3_acc": 0.3333333333333333,
            "l4_acc": 0.3334490740740741,
            "l5_acc": 0.33003472222222224,
            "hier_acc": 0.0026041666666666665,
            "epoch": 6
          }
        },
        {
          "seed": 456,
          "depth": 6,
          "flat": {
            "l0_acc": 0.9997106481481481,
            "l1_acc": 0.24809027777777778,
            "l2_acc": 0.24814814814814815,
            "l3_acc": 0.3355324074074074,
            "l4_acc": 0.3302662037037037,
            "l5_acc": 0.3350694444444444,
            "hier_acc": 0.002777777777777778,
            "epoch": 1
          },
          "fractal": {
            "l0_acc": 0.9997106481481481,
            "l1_acc": 0.24837962962962962,
            "l2_acc": 0.25028935185185186,
            "l3_acc": 0.3334490740740741,
            "l4_acc": 0.33327546296296295,
            "l5_acc": 0.3333333333333333,
            "hier_acc": 0.002372685185185185,
            "epoch": 2
          }
        }
      ],
      "statistics": {
        "flat": {
          "hier_acc": {
            "mean": 0.002797067901234568,
            "ci_95": 0.00010003226407574443,