{
  "v5_vs_baselines": {
    "heal": {
      "method": "heal",
      "per_dataset": {
        "yahoo": {
          "v5_mean": 0.014800000000000058,
          "base_mean": 0.11500000000000006,
          "diff_mean": -0.1002,
          "v5_std": 0.01741723284566179,
          "base_std": 0.0031464265445104384,
          "cohens_d": -5.274707106100398,
          "t_stat": -10.549414212200796,
          "p_value": 0.0004567303900117487,
          "n_seeds": 5
        },
        "goemotions": {
          "v5_mean": 0.019600000000000017,
          "base_mean": 0.07364705882352941,
          "diff_mean": -0.05404705882352939,
          "v5_std": 0.016169106345126204,
          "base_std": 0.007582533197328032,
          "cohens_d": -2.5020569227427925,
          "t_stat": -5.004113845485585,
          "p_value": 0.00746867209663634,
          "n_seeds": 5
        },
        "newsgroups": {
          "v5_mean": 0.03520000000000005,
          "base_mean": 0.10249999999999997,
          "diff_mean": -0.06729999999999992,
          "v5_std": 0.025631230949761295,
          "base_std": 0.008142481194328892,
          "cohens_d": -3.0563767382031415,
          "t_stat": -6.112753476406283,
          "p_value": 0.003626060860612864,
          "n_seeds": 5
        },
        "trec": {
          "v5_mean": 0.044399999999999974,
          "base_mean": 0.2031999999999999,
          "diff_mean": -0.15879999999999997,
          "v5_std": 0.01488086019019059,
          "base_std": 0.013833293172632407,
          "cohens_d": -20.473711738237146,
          "t_stat": -40.94742347647429,
          "p_value": 2.125788777226449e-06,
          "n_seeds": 5
        },
        "arxiv": {
          "v5_mean": 0.02680000000000001,
          "base_mean": 0.13219999999999996,
          "diff_mean": -0.10539999999999997,
          "v5_std": 0.013775340286178056,
          "base_std": 0.008594184079946153,
          "cohens_d": -13.752246233709975,
          "t_stat": -27.50449246741995,
          "p_value": 1.0392478415335774e-05,
          "n_seeds": 5
        },
        "dbpedia_classes": {
          "v5_mean": 0.12000000000000002,
          "base_mean": 0.35059999999999997,
          "diff_mean": -0.2306,
          "v5_std": 0.01475127113166859,
          "base_std": 0.016713467623446616,
          "cohens_d": -8.342050909997019,
          "t_stat": -16.684101819994037,
          "p_value": 7.561528310511249e-05,
          "n_seeds": 5
        },
        "clinc": {
          "v5_mean": 0.15,
          "base_mean": 0.2751,
          "diff_mean": -0.12510000000000002,
          "v5_std": 0.025392912396966203,
          "base_std": 0.010466135867644704,
          "cohens_d": -5.612970286671995,
          "t_stat": -11.22594057334399,
          "p_value": 0.00035861466721074856,
          "n_seeds": 5
        },
        "wos": {
          "v5_mean": 0.03760000000000002,
          "base_mean": 0.081,
          "diff_mean": -0.04339999999999998,
          "v5_std": 0.02316549157691243,
          "base_std": 0.011545561917897277,
          "cohens_d": -1.573931438494211,
          "t_stat": -3.147862876988422,
          "p_value": 0.0345850227829372,
          "n_seeds": 5
        },
        "hupd_sec_cls": {
          "v5_mean": 0.043199999999999995,
          "base_mean": 0.14506666666666662,
          "diff_mean": -0.10186666666666663,
          "v5_std": 0.017371240600486802,
          "base_std": 0.005911946473972041,
          "cohens_d": -5.201493036080524,
          "t_stat": -10.402986072161047,
          "p_value": 0.00048220151107486773,
          "n_seeds": 5
        },
        "hupd_sec_sub": {
          "v5_mean": 0.044800000000000006,
          "base_mean": 0.14099999999999996,
          "diff_mean": -0.09619999999999995,
          "v5_std": 0.018486752013266165,
          "base_std": 0.004330357952871792,
          "cohens_d": -5.142458932241245,
          "t_stat": -10.28491786448249,
          "p_value": 0.0005040352480391879,
          "n_seeds": 5
        },
        "hwv_l0_l2": {
          "v5_mean": 0.09199999999999994,
          "base_mean": 0.36579505300353354,
          "diff_mean": -0.27379505300353363,
          "v5_std": 0.011384199576606163,
          "base_std": 0.010382681369445602,
          "cohens_d": -33.25421773245933,
          "t_stat": -66.50843546491866,
          "p_value": 3.061893367487985e-07,
          "n_seeds": 5
        },
        "hwv_l0_l3": {
          "v5_mean": 0.0764,
          "base_mean": 0.4207934336525308,
          "diff_mean": -0.34439343365253083,
          "v5_std": 0.01591979899370596,
          "base_std": 0.024511065832476094,
          "cohens_d": -9.29964124592227,
          "t_stat": -18.59928249184454,
          "p_value": 4.9186168078835836e-05,
          "n_seeds": 5
        }
      },
      "overall": {
        "v5_wins": 0,
        "total_datasets": 12,
        "win_rate": 0.0,
        "sign_test_p": 1.0,
        "v5_mean_steer": 0.05873333333333335,
        "base_mean_steer": 0.20049185101218836,
        "mean_advantage": -0.141758517678855
      }
    },
    "csr": {
      "method": "csr",
      "per_dataset": {
        "yahoo": {
          "v5_mean": 0.014800000000000058,
          "base_mean": 0.0005000000000000782,
          "diff_mean": 0.01429999999999998,
          "v5_std": 0.01741723284566179,
          "base_std": 0.004483302354292013,
          "cohens_d": 0.7220196637489555,
          "t_stat": 1.444039327497911,
          "p_value": 0.22222342480821744,
          "n_seeds": 5
        },
        "goemotions": {
          "v5_mean": 0.019600000000000017,
          "base_mean": 0.0007058823529411895,
          "diff_mean": 0.01889411764705883,
          "v5_std": 0.016169106345126204,
          "base_std": 0.01171400841213563,
          "cohens_d": 0.7039240917774706,
          "t_stat": 1.4078481835549412,
          "p_value": 0.23193858884481286,
          "n_seeds": 5
        },
        "newsgroups": {
          "v5_mean": 0.03520000000000005,
          "base_mean": -0.002499999999999991,
          "diff_mean": 0.037700000000000046,
          "v5_std": 0.025631230949761295,
          "base_std": 0.0039874804074753805,
          "cohens_d": 1.396430390700791,
          "t_stat": 2.792860781401582,
          "p_value": 0.049168262402063304,
          "n_seeds": 5
        },
        "trec": {
          "v5_mean": 0.044399999999999974,
          "base_mean": 0.006000000000000028,
          "diff_mean": 0.03839999999999995,
          "v5_std": 0.01488086019019059,
          "base_std": 0.0055136195008361095,
          "cohens_d": 2.500474853138994,
          "t_stat": 5.000949706277988,
          "p_value": 0.0074854031885076356,
          "n_seeds": 5
        },
        "arxiv": {
          "v5_mean": 0.02680000000000001,
          "base_mean": 0.0026999999999999915,
          "diff_mean": 0.02410000000000002,
          "v5_std": 0.013775340286178056,
          "base_std": 0.008459314393022643,
          "cohens_d": 1.44949459555721,
          "t_stat": 2.89898919111442,
          "p_value": 0.04416269080397815,
          "n_seeds": 5
        },
        "dbpedia_classes": {
          "v5_mean": 0.10500000000000004,
          "base_mean": 0.004000000000000059,
          "diff_mean": 0.10099999999999998,
          "v5_std": 0.012999999999999956,
          "base_std": 5.551115123125783e-17,
          "cohens_d": 7.769230769230827,
          "t_stat": NaN,
          "p_value": NaN,
          "n_seeds": 2
        }
      },
      "overall": {
        "v5_wins": 6,
        "total_datasets": 6,
        "win_rate": 1.0,
        "sign_test_p": 0.015625,
        "v5_mean_steer": 0.04096666666666669,
        "base_mean_steer": 0.0019009803921568927,
        "mean_advantage": 0.0390656862745098
      }
    },
    "smec": {
      "method": "smec",
      "per_dataset": {},
      "overall": {}
    }
  },
  "v5_vs_mrl": {
    "method": "mrl",
    "per_dataset": {
      "yahoo": {
        "v5_mean": 0.014800000000000058,