{
  "n_datasets": 4,
  "datasets": {
    "clinc": {
      "h": 3.9034685491699452,
      "v5_mean": 0.0534,
      "n_seeds": 5
    },
    "trec": {
      "h": 2.210907282922681,
      "v5_mean": 0.04466666666666663,
      "n_seeds": 3
    },
    "newsgroups": {
      "h": 1.882495354671385,
      "v5_mean": 0.022000000000000058,
      "n_seeds": 3
    },
    "yahoo": {
      "h": 1.228792596271001,
      "v5_mean": 0.010666666666666713,
      "n_seeds": 3
    }
  },
  "leave_one_out": {
    "n_datasets": 4,
    "predictions": {
      "yahoo": 0.022576469350911586,
      "newsgroups": 0.027883195364515462,
      "trec": 0.026667568533731024,
      "clinc": 0.09427811707332162
    },
    "actuals": {
      "yahoo": 0.010666666666666713,
      "newsgroups": 0.022000000000000058,
      "trec": 0.04466666666666663,
      "clinc": 0.0534
    },
    "residuals": {
      "yahoo": 0.011909802684244873,
      "newsgroups": 0.005883195364515405,
      "trec": -0.01799909813293561,
      "clinc": 0.04087811707332162
    },
    "mae": 0.019167553313754377,
    "rmse": 0.02329937433030089,
    "loo_r2": -0.8533243675436677,
    "full_r2": 0.7928534215432745
  },
  "split_half": null
}