{
  "yahoo": {
    "dataset": "yahoo",
    "n_samples": 10000,
    "n_l0": 4,
    "n_l1": 10,
    "branching_factor": 2.5,
    "h_l0": 1.9107684595901393,
    "h_l1": 3.1395610558561424,
    "h_l1_given_l0": 1.228792596271001,
    "mi_levels": 1.9107684595851415,
    "depth_ratio": 0.6430881722497839,
    "info_concentration": 0.6086100654183563,
    "category_utility": 1.2287925962660031,
    "coarse_separability": 0.9553842297950697,
    "fine_granularity": 0.9295457150985982,
    "avg_samples_per_l1": 1000.0
  },
  "clinc": {
    "dataset": "clinc",
    "n_samples": 10000,
    "n_l0": 10,
    "n_l1": 150,
    "branching_factor": 15.0,
    "h_l0": 3.3217853478681505,
    "h_l1": 7.225253896857759,
    "h_l1_given_l0": 3.9034685491699452,
    "mi_levels": 3.321785347687814,
    "depth_ratio": 1.1751116163101663,
    "info_concentration": 0.45974652175369574,
    "category_utility": 3.9034685489896086,
    "coarse_separability": 0.9999570288654257,
    "fine_granularity": 0.9991240997527753,
    "avg_samples_per_l1": 66.66666666666667
  },
  "trec": {
    "dataset": "trec",
    "n_samples": 5452,
    "n_l0": 6,
    "n_l1": 50,
    "branching_factor": 8.333333333333334,
    "h_l0": 2.383373632255716,
    "h_l1": 4.594280915128953,
    "h_l1_given_l0": 2.210907282922681,
    "mi_levels": 2.3833736322062724,
    "depth_ratio": 0.9276377203305997,
    "info_concentration": 0.5187696782769106,
    "category_utility": 2.2109072828732375,
    "coarse_separability": 0.9220147803269098,
    "fine_granularity": 0.7227800334593331,
    "avg_samples_per_l1": 109.04
  },
  "newsgroups": {
    "dataset": "newsgroups",
    "n_samples": 10000,
    "n_l0": 6,
    "n_l1": 20,
    "branching_factor": 3.3333333333333335,
    "h_l0": 2.4309674196826854,
    "h_l1": 4.3134627743395235,
    "h_l1_given_l0": 1.882495354671385,
    "mi_levels": 2.4309674196681383,
    "depth_ratio": 0.774381153539414,
    "info_concentration": 0.5635767704183678,
    "category_utility": 1.8824953546568381,
    "coarse_separability": 0.9404265705999569,
    "fine_granularity": 1.0837839051009166,
    "avg_samples_per_l1": 500.0
  }
}