{
  "yahoo": {
    "dataset": "yahoo",
    "n_samples": 10000,
    "n_l0": 4,
    "n_l1": 10,
    "branching_factor": 2.5,
    "h_l0": 1.9107684595901393,
    "h_l1": 3.1395610558561424,
    "h_l1_given_l0": 1.228792596271001,
    "mi_levels": 1.9107684595851415,
    "depth_ratio": 0.6430881722497839,
    "info_concentration": 0.6086100654183563,
    "category_utility": 1.2287925962660031,
    "coarse_separability": 0.9553842297950697,
    "fine_granularity": 0.9295457150985982,
    "avg_samples_per_l1": 1000.0
  },
  "clinc": {
    "dataset": "clinc",
    "n_samples": 10000,
    "n_l0": 10,
    "n_l1": 150,
    "branching_factor": 15.0,
    "h_l0": 3.3217853478681505,
    "h_l1": 7.225253896857759,
    "h_l1_given_l0": 3.9034685491699452,
    "mi_levels": 3.321785347687814,
    "depth_ratio": 1.1751116163101663,
    "info_concentration": 0.45974652175369574,
    "category_utility": 3.9034685489896086,
    "coarse_separability": 0.9999570288654257,
    "fine_granularity": 0.9991240997527753,
    "avg_samples_per_l1": 66.66666666666667
  },
  "trec": {
    "dataset": "trec",
    "n_samples": 5452,
    "n_l0": 6,
    "n_l1": 50,
    "branching_factor": 8.333333333333334,
    "h_l0": 2.383373632255716,
    "h_l1": 4.594280915128953,
    "h_l1_given_l0": 2.210907282922681,
    "mi_levels": 2.3833736322062724,
    "depth_ratio": 0.9276377203305997,
    "info_concentration": 0.5187696782769106,
    "category_utility": 2.2109072828732375,
    "coarse_separability": 0.9220147803269098,
    "fine_granularity": 0.7227800334593331,
    "avg_samples_per_l1": 109.04
  },
  "newsgroups": {
    "dataset": "newsgroups",
    "n_samples": 10000,
    "n_l0": 6,
    "n_l1": 20,
    "branching_factor": 3.3333333333333335,
    "h_l0": 2.4309674196826854,
    "h_l1": 4.3134627743395235,
    "h_l1_given_l0": 1.882495354671385,
    "mi_levels": 2.4309674196681383,
    "depth_ratio": 0.774381153539414,
    "info_concentration": 0.5635767704183678,
    "category_utility": 1.8824953546568381,
    "coarse_separability": 0.9404265705999569,
    "fine_granularity": 1.0837839051009166,
    "avg_samples_per_l1": 500.0
  },
  "wos": {
    "dataset": "wos",
    "n_samples": 10000,
    "n_l0": 10,
    "n_l1": 336,
    "branching_factor": 33.6,
    "h_l1_given_l0": 5.054453444463944
  },
  "goemotions": {
    "dataset": "goemotions",
    "n_samples": 8329,
    "n_l0": 4,
    "n_l1": 28,
    "branching_factor": 7.0,
    "h_l0": 1.8345639976754917,
    "h_l1": 3.716060521874359,
    "h_l1_given_l0": 1.881496524223212,
    "mi_levels": 1.834563997651147,
    "depth_ratio": 1.0255823872087246,
    "avg_samples_per_l1": 297.4642857142857
  },
  "arxiv": {
    "dataset": "arxiv",
    "n_samples": 10000,
    "n_l0": 20,
    "n_l1": 123,
    "branching_factor": 6.15,
    "h_l0": 3.400539934198181,
    "h_l1": 6.015689725725851,
    "h_l1_given_l0": 2.615149791653019,
    "mi_levels": 3.400539934072832,
    "depth_ratio": 0.7690395767311139,
    "avg_samples_per_l1": 81.30081300813008
  },
  "dbpedia_classes": {
    "dataset": "dbpedia_classes",
    "n_samples": 10000,
    "n_l0": 9,
    "n_l1": 70,
    "branching_factor": 7.777777777777778,
    "h_l0": 2.086740975107298,
    "h_l1": 5.261097511495928,
    "h_l1_given_l0": 3.174356536447603,
    "mi_levels": 2.0867409750483246,
    "depth_ratio": 1.5212029544224488,
    "avg_samples_per_l1": 142.85714285714286
  }
}