{
  "model": "bge-m3",
  "model_name": "BAAI/bge-m3",
  "dataset": "agnews",
  "K": 4,
  "d_embed": 1024,
  "n": 1000,
  "kappa_nearest": 0.31176859123650263,
  "d_eff_formula": 120.20852658037153,
  "q": 0.7866666666666666,
  "logit_q": 1.304948721665938,
  "kappa_eff": 3.4182198948215072,
  "pred_logit_zero_C": 3.6010946591944584,
  "tr_W": 0.6087744235992432,
  "sigma_W": 0.024382499319104592
}