{
  "model": "bge-base",
  "model_name": "BAAI/bge-base-en-v1.5",
  "dataset": "agnews",
  "K": 4,
  "d_embed": 768,
  "n": 1000,
  "kappa_nearest": 0.3301259118432997,
  "d_eff_formula": 105.04652577677301,
  "q": 0.7759999999999999,
  "logit_q": 1.2425064683281783,
  "kappa_eff": 3.383533342468139,
  "pred_logit_zero_C": 3.5645523762901847,
  "tr_W": 0.5276721119880676,
  "sigma_W": 0.02621207856093185
}