{
  "model": "bge-small",
  "model_name": "BAAI/bge-small-en-v1.5",
  "dataset": "agnews",
  "K": 4,
  "d_embed": 384,
  "n": 1000,
  "kappa_nearest": 0.34092900655206626,
  "d_eff_formula": 92.03079807830491,
  "q": 0.7493333333333334,
  "logit_q": 1.0950598870637422,
  "kappa_eff": 3.2706234560280594,
  "pred_logit_zero_C": 3.445601810925561,
  "tr_W": 0.4884570837020874,
  "sigma_W": 0.03566544063199256
}