{
  "model": "bge-large",
  "model_name": "BAAI/bge-large-en-v1.5",
  "dataset": "agnews",
  "K": 4,
  "d_embed": 1024,
  "n": 1000,
  "kappa_nearest": 0.32538110036482454,
  "d_eff_formula": 124.81584461014296,
  "q": 0.7973333333333333,
  "logit_q": 1.3697102331043554,
  "kappa_eff": 3.6351905729180167,
  "pred_logit_zero_C": 3.829673268569131,
  "tr_W": 0.5440505743026733,
  "sigma_W": 0.023049932515464215
}