{
  "dataset": "20_newsgroups",
  "hierarchy": "6 super-categories, 20 sub-categories",
  "model": "qwen3-0.6b",
  "seeds": [
    42,
    123,
    456,
    789,
    1000
  ],
  "statistics": {
    "flat": {
      "hier_acc": {
        "mean": 0.6634,
        "ci_95": 0.0024283442918993365,
        "values": [
          0.6625,
          0.663,
          0.6605,
          0.663,
          0.668
        ]
      },
      "l0_acc": {
        "mean": 0.8173,
        "ci_95": 0.0036484440519213195,
        "values": [
          0.8245,
          0.816,
          0.8145,
          0.8145,
          0.817
        ]
      },
      "l1_acc": {
        "mean": 0.691,
        "ci_95": 0.002857166428474185,
        "values": [
          0.694,
          0.692,
          0.6855,
          0.691,
          0.6925
        ]
      }
    },
    "fractal": {
      "hier_acc": {
        "mean": 0.6704,
        "ci_95": 0.002368277010824538,
        "values": [
          0.675,
          0.668,
          0.67,
          0.67,
          0.669
        ]
      },
      "l0_acc": {
        "mean": 0.8244,
        "ci_95": 0.004242392721095047,
        "values": [
          0.822,
          0.8275,
          0.824,
          0.818,
          0.8305
        ]
      },
      "l1_acc": {
        "mean": 0.6910999999999999,
        "ci_95": 0.001969775621739709,
        "values": [
          0.6935,
          0.693,
          0.69,
          0.688,
          0.691
        ]
      }
    }
  },
  "raw_results": [
    {
      "seed": 42,
      "flat": {
        "l0_acc": 0.8245,
        "l1_acc": 0.694,
        "hier_acc": 0.6625,
        "epoch": 2
      },
      "fractal": {
        "l0_acc": 0.822,
        "l1_acc": 0.6935,
        "hier_acc": 0.675,
        "epoch": 4
      }
    },
    {
      "seed": 123,
      "flat": {
        "l0_acc": 0.816,
        "l1_acc": 0.692,
        "hier_acc": 0.663,
        "epoch": 8
      },
      "fractal": {
        "l0_acc": 0.8275,
        "l1_acc": 0.693,
        "hier_acc": 0.668,
        "epoch": 3
      }
    },
    {
      "seed": 456,
      "flat": {
        "l0_acc": 0.8145,
        "l1_acc": 0.6855,
        "hier_acc": 0.6605,
        "epoch": 4
      },
      "fractal": {
        "l0_acc": 0.824,
        "l1_acc": 0.69,
        "hier_acc": 0.67,
        "epoch": 4
      }
    },
    {
      "seed": 789,
      "flat": {
        "l0_acc": 0.8145,
        "l1_acc": 0.691,
        "hier_acc": 0.663,
        "epoch": 4
      },
      "fractal": {
        "l0_acc": 0.818,
        "l1_acc": 0.688,
        "hier_acc": 0.67,
        "epoch": 5
      }
    },
    {
      "seed": 1000,
      "flat": {
        "l0_acc": 0.817,
        "l1_acc": 0.6925,
        "hier_acc": 0.668,
        "epoch": 3
      },
      "fractal": {
        "l0_acc": 0.8305,
        "l1_acc": 0.691,
        "hier_acc": 0.669,
        "epoch": 3
      }
    }
  ]
}