{
  "method": "paired_ttest_with_holm_bonferroni",
  "alpha": 0.05,
  "n_tests": 12,
  "results": {
    "yahoo": {
      "n": 5,
      "v5_mean": 0.014800000000000058,
      "v5_sd": 0.019473058311420932,
      "mrl_mean": 0.005199999999999982,
      "mrl_sd": 0.01136661779070624,
      "gap": 0.009600000000000075,
      "t": 0.8155531992367088,
      "p": 0.4605322136121205,
      "d": 0.3647264785521421,
      "p_raw": 0.4605322136121205,
      "p_adjusted": 0.6662107764557572,
      "significant": false,
      "H_L1_L0": 1.23
    },
    "goemotions": {
      "n": 5,
      "v5_mean": 0.019600000000000017,
      "v5_sd": 0.018077610461562685,
      "mrl_mean": 0.005600000000000016,
      "mrl_sd": 0.016516658257650037,
      "gap": 0.014000000000000002,
      "t": 1.0999438818457419,
      "p": 0.3331053882278786,
      "d": 0.49190985824841515,
      "p_raw": 0.3331053882278786,
      "p_adjusted": 0.6662107764557572,
      "significant": false,
      "H_L1_L0": 1.88
    },
    "newsgroups": {
      "n": 5,
      "v5_mean": 0.03520000000000005,
      "v5_sd": 0.028656587375331378,
      "mrl_mean": 0.0,
      "mrl_sd": 0.015620499351813323,
      "gap": 0.03520000000000005,
      "t": 1.8494579475204749,
      "p": 0.1380761826688935,
      "d": 0.8271027384366041,
      "p_raw": 0.1380761826688935,
      "p_adjusted": 0.41422854800668046,
      "significant": false,
      "H_L1_L0": 1.88
    },
    "trec": {
      "n": 5,
      "v5_mean": 0.044399999999999974,
      "v5_sd": 0.016637307474468302,
      "mrl_mean": -0.0007999999999999785,
      "mrl_sd": 0.01513935269422044,
      "gap": 0.04519999999999995,
      "t": 5.260082924507734,
      "p": 0.006254143016320344,
      "d": 2.3523805972970373,
      "p_raw": 0.006254143016320344,
      "p_adjusted": 0.05003314413056275,
      "significant": false,
      "H_L1_L0": 2.21
    },
    "arxiv": {
      "n": 5,
      "v5_mean": 0.02680000000000001,
      "v5_sd": 0.01540129864654277,
      "mrl_mean": -0.0007999999999999563,
      "mrl_sd": 0.01316054710108967,
      "gap": 0.02759999999999997,
      "t": 4.044851634147789,
      "p": 0.015541608038378304,
      "d": 1.808912642571113,
      "p_raw": 0.015541608038378304,
      "p_adjusted": 0.09324964823026982,
      "significant": false,
      "H_L1_L0": 2.62
    },
    "hupd_sec_cls": {
      "n": 5,
      "v5_mean": 0.043199999999999995,
      "v5_sd": 0.01942163741809638,
      "mrl_mean": -0.0019999999999999797,
      "mrl_sd": 0.017320508075688794,
      "gap": 0.045199999999999976,
      "t": 3.6347748492668472,
      "p": 0.02206641085459546,
      "d": 1.6255207291734446,
      "p_raw": 0.02206641085459546,
      "p_adjusted": 0.11033205427297729,
      "significant": false,
      "H_L1_L0": 2.42
    },
    "dbpedia_classes": {
      "n": 5,
      "v5_mean": 0.12000000000000002,
      "v5_sd": 0.01649242250247061,
      "mrl_mean": 0.007599999999999984,
      "mrl_sd": 0.007797435475847205,
      "gap": 0.11240000000000003,
      "t": 12.340476790058755,
      "p": 0.0002477688372660599,
      "d": 5.518828995465955,
      "p_raw": 0.0002477688372660599,
      "p_adjusted": 0.002973226047192719,
      "significant": true,
      "H_L1_L0": 3.17
    },
    "clinc": {
      "n": 5,
      "v5_mean": 0.15,
      "v5_sd": 0.02839013913315678,
      "mrl_mean": 0.006800000000000006,
      "mrl_sd": 0.015849290204927174,
      "gap": 0.1432,
      "t": 9.72015359547605,
      "p": 0.0006272195767370546,
      "d": 4.346984838244689,
      "p_raw": 0.0006272195767370546,
      "p_adjusted": 0.006551918182653967,
      "significant": true,
      "H_L1_L0": 3.9
    },
    "hwv_l0_l2": {
      "n": 5,
      "v5_mean": 0.09199999999999994,
      "v5_sd": 0.012727922061357854,
      "mrl_mean": 0.018000000000000016,
      "mrl_sd": 0.01140175425099139,
      "gap": 0.07399999999999993,
      "t": 9.784388878936962,
      "p": 0.0006114526208555717,
      "d": 4.3757117303192015,
      "p_raw": 0.0006114526208555717,
      "p_adjusted": 0.006551918182653967,
      "significant": true,
      "H_L1_L0": 4.09
    },
    "hupd_sec_sub": {
      "n": 5,
      "v5_mean": 0.044800000000000006,
      "v5_sd": 0.020668817092422118,
      "mrl_mean": -0.008800000000000007,
      "mrl_sd": 0.00912140340079311,
      "gap": 0.053600000000000016,
      "t": 4.922613001083318,
      "p": 0.007914571281791521,
      "d": 2.201459459469309,
      "p_raw": 0.007914571281791521,
      "p_adjusted": 0.055401998972540646,
      "significant": false,
      "H_L1_L0": 4.44
    },
    "hwv_l0_l3": {
      "n": 5,
      "v5_mean": 0.0764,
      "v5_sd": 0.01779887636902964,
      "mrl_mean": 0.005199999999999982,
      "mrl_sd": 0.007429670248402695,
      "gap": 0.07120000000000001,
      "t": 9.850956685842233,
      "p": 0.0005956289256958152,
      "d": 4.405481758589854,
      "p_raw": 0.0005956289256958152,
      "p_adjusted": 0.006551918182653967,
      "significant": true,
      "H_L1_L0": 4.59
    },
    "wos": {
      "n": 5,
      "v5_mean": 0.03760000000000002,
      "v5_sd": 0.025899806949087494,
      "mrl_mean": 0.0012000000000000038,
      "mrl_sd": 0.005932958789676533,
      "gap": 0.036400000000000016,
      "t": 3.377326766564685,
      "p": 0.02785422025975262,
      "d": 1.5103864464536398,
      "p_raw": 0.02785422025975262,
      "p_adjusted": 0.11141688103901048,
      "significant": false,
      "H_L1_L0": 5.05
    }
  }
}