{
  "method": "paired_ttest_with_holm_bonferroni",
  "alpha": 0.05,
  "n_tests": 6,
  "results": {
    "yahoo": {
      "n": 5,
      "v5_mean": 0.014800000000000058,
      "v5_sd": 0.019473058311420932,
      "mrl_mean": 0.005199999999999982,
      "mrl_sd": 0.01136661779070624,
      "gap": 0.009600000000000075,
      "t": 0.8155531992367088,
      "p": 0.4605322136121205,
      "d": 0.3647264785521421,
      "p_raw": 0.4605322136121205,
      "p_adjusted": 0.9993161646836358,
      "significant": false,
      "H_L1_L0": 1.23
    },
    "goemotions": {
      "n": 5,
      "v5_mean": 0.019600000000000017,
      "v5_sd": 0.018077610461562685,
      "mrl_mean": 0.005600000000000016,
      "mrl_sd": 0.016516658257650037,
      "gap": 0.014000000000000002,
      "t": 1.0999438818457419,
      "p": 0.3331053882278786,
      "d": 0.49190985824841515,
      "p_raw": 0.3331053882278786,
      "p_adjusted": 0.9993161646836358,
      "significant": false,
      "H_L1_L0": 1.88
    },
    "newsgroups": {
      "n": 3,
      "v5_mean": 0.022000000000000058,
      "v5_sd": 0.02946183972531253,
      "mrl_mean": 0.009333333333333341,
      "mrl_sd": 0.012055427546683428,
      "gap": 0.012666666666666715,
      "t": 0.5369717479970118,
      "p": 0.6450302965020864,
      "d": 0.3100207832532986,
      "p_raw": 0.6450302965020864,
      "p_adjusted": 0.9993161646836358,
      "significant": false,
      "H_L1_L0": 1.88
    },
    "trec": {
      "n": 3,
      "v5_mean": 0.04466666666666663,
      "v5_sd": 0.023437861108329218,
      "mrl_mean": 0.0033333333333333734,
      "mrl_sd": 0.019218047073866068,
      "gap": 0.04133333333333326,
      "t": 2.8447550999949702,
      "p": 0.10454724978468627,
      "d": 1.642420122760657,
      "p_raw": 0.10454724978468627,
      "p_adjusted": 0.4181889991387451,
      "significant": false,
      "H_L1_L0": 2.21
    },
    "arxiv": {
      "n": 5,
      "v5_mean": 0.02680000000000001,
      "v5_sd": 0.01540129864654277,
      "mrl_mean": -0.0007999999999999563,
      "mrl_sd": 0.01316054710108967,
      "gap": 0.02759999999999997,
      "t": 4.044851634147789,
      "p": 0.015541608038378304,
      "d": 1.808912642571113,
      "p_raw": 0.015541608038378304,
      "p_adjusted": 0.09324964823026982,
      "significant": false,
      "H_L1_L0": 2.62
    },
    "clinc": {
      "n": 3,
      "v5_mean": 0.144,
      "v5_sd": 0.037363083384538795,
      "mrl_mean": 0.015333333333333346,
      "mrl_sd": 0.011372481406154664,
      "gap": 0.12866666666666662,
      "t": 6.987069127570366,
      "p": 0.019875137890280642,
      "d": 4.033986241649274,
      "p_raw": 0.019875137890280642,
      "p_adjusted": 0.09937568945140321,
      "significant": false,
      "H_L1_L0": 3.9
    }
  }
}