{
  "model": "Qwen/Qwen3-0.6B",
  "dataset": "clinc",
  "order_parameters": {
    "alphas": [
      0.0,
      0.1,
      0.2,
      0.3,
      0.4,
      0.5,
      0.6,
      0.7,
      0.8,
      0.85,
      0.9,
      0.95,
      1.0
    ],
    "betas": [
      10.236438144939287,
      10.432917458399737,
      10.9962750290721,
      10.08539644515221,
      9.470226892167494,
      8.197918379524886,
      6.099451958494406,
      4.0063183561366795,
      2.646069762445017,
      1.7439739533467697,
      0.1919297658875112,
      0.14532293328966678,
      0.4727331507413559
    ],
    "bell_r2": [
      0.5161438540483252,
      0.4847909016931602,
      0.591094894989777,
      0.6524692341221333,
      0.6894941948189267,
      0.7307316436440181,
      0.805974342159866,
      0.82208921571656,
      0.8816325507270355,
      0.8685383354022421,
      0.15469843917558024,
      0.12595586482198018,
      0.2101076350756711
    ],
    "delta_r2": [
      -0.03461441975348367,
      -0.032041894236361945,
      -0.022355820873005694,
      -0.024524673162801935,
      -0.024996315864605934,
      -0.030207108055934406,
      -0.03681838217366362,
      -0.04283732527744022,
      -0.020433036080298117,
      -0.009492582741685518,
      -0.02376287059859883,
      -0.0013158609968831891,
      0.020345735454033287
    ],
    "peak_knn": [
      0.6815,
      0.6815,
      0.6815,
      0.6815,
      0.6815,
      0.6815,
      0.6815,
      0.6815,
      0.6815,
      0.6815,
      0.6815,
      0.6815,
      0.6815
    ],
    "mean_knn": [
      0.18417241379310345,
      0.18806896551724137,
      0.18101724137931036,
      0.17889655172413793,
      0.1788793103448276,
      0.18056896551724136,
      0.18520689655172415,
      0.2086896551724138,
      0.2483275862068966,
      0.30774137931034484,
      0.5079999999999999,
      0.5936379310344828,
      0.6108965517241378
    ],
    "late_knn": [
      0.12992857142857145,
      0.13685714285714284,
      0.12035714285714286,
      0.11064285714285715,
      0.10535714285714286,
      0.0925,
      0.07892857142857143,
      0.09378571428571428,
      0.09135714285714285,
      0.13778571428571432,
      0.5022142857142857,
      0.6289999999999999,
      0.6383571428571428
    ],
    "max_knn_layer": [
      1,
      1,
      1,
      1,
      1,
      1,
      1,
      1,
      1,
      1,
      1,
      23,
      22
    ],
    "profile_variance": [
      0.02322402199762188,
      0.02292818489892984,
      0.02397224970273484,
      0.024702316884661117,
      0.025249907847800235,
      0.02612971938168847,
      0.028168784780023777,
      0.030265058858501788,
      0.03599093579072533,
      0.03306683828775268,
      0.00532,
      0.0035319809750297263,
      0.003914385850178358
    ]
  },
  "critical_alpha_beta": {
    "max_gradient": {
      "alpha_star": 0.85,
      "gradient": -24.54139996557505,
      "index": 9
    },
    "sigmoid_fit": {
      "alpha_star": 0.6570568808839667,
      "steepness": -7.956294544855182,
      "y_min": -0.5733938879397513,
      "y_max": 10.702281417542558
    },
    "threshold_1.0": {
      "alpha_star": 0.8739675506457286
    }
  },
  "critical_alpha_knn": {
    "max_gradient": {
      "alpha_star": 0.9,
      "gradient": 2.858965517241378,
      "index": 10
    },
    "sigmoid_fit": {
      "alpha_star": 0.8725505515394018,
      "steepness": -33.34086141069948,
      "y_min": 0.6222614780224335,
      "y_max": 0.18720323853187895
    }
  },
  "transition_order": {
    "max_jump_rate": 31.04088374918514,
    "max_jump_alpha": 0.85,
    "alpha_star_estimate": 0.9,
    "critical_exponent_gamma": 0.6786253289238234,
    "transition_type": "likely_continuous"
  },
  "alpha_star_threshold": 0.8739675506457286,
  "alpha_star_sigmoid": 0.8725505515394018,
  "alpha_star_consensus": 0.8732590510925652,
  "pre_registered_prediction": {
    "target_model": "google/gemma-3-1b-it",
    "predicted_alpha_star": 0.8732590510925652,
    "tolerance": 0.05,
    "null_hypothesis_threshold": 0.1,
    "success_criterion": "|alpha*_gemma - 0.873| < 0.10"
  }
}