{
  "status": "complete",
  "n_calibration": 8,
  "n_test": 4,
  "calibration_fit": {
    "slope": 0.04997535093010461,
    "intercept": -0.02032694947314405,
    "r_squared": 0.9425044791768468
  },
  "combined_fit": {
    "slope": 0.03767721224370626,
    "intercept": -0.007050348980392911,
    "r_squared": 0.7951019809838993
  },
  "out_of_sample": {
    "rmse": 0.036983456954769255,
    "mae": 0.02759704057173793,
    "n_test": 4
  },
  "combined_correlation": {
    "spearman_rho": 0.9020979020979022,
    "spearman_p": 5.9978574465377e-05,
    "pearson_r": 0.8916849112684925,
    "pearson_p": 9.764215499660446e-05
  },
  "predictions_check": {
    "sec_sub_gt_sec_cls": true,
    "sign_test_v5_wins": 12,
    "sign_test_total": 12,
    "sign_test_p": 0.000244140625,
    "rho_gt_07": true,
    "rho_value": 0.9020979020979022,
    "point_prediction": {
      "predicted": 0.054,
      "actual": 0.044800000000000006,
      "actual_se": 0.00924337600663308,
      "within_1se": true,
      "within_ci": true,
      "absolute_error": 0.009199999999999993,
      "relative_error": 20.535714285714267
    },
    "hwv_l0_l2_in_range": false,
    "hwv_l0_l3_in_range": false
  },
  "per_dataset": {
    "yahoo": {
      "H": 1.2288,
      "base_l1": 0.6025,
      "product": 0.740352,
      "v5_steer": 0.014800000000000058,
      "v5_steer_std": 0.019473058311420932,
      "mrl_steer": 0.005199999999999982,
      "n_seeds": 5,
      "is_test": false
    },
    "goemotions": {
      "H": 1.8815,
      "base_l1": 0.34294117647058825,
      "product": 0.6452438235294118,
      "v5_steer": 0.019600000000000017,
      "v5_steer_std": 0.018077610461562685,
      "mrl_steer": 0.005600000000000016,
      "n_seeds": 5,
      "is_test": false
    },
    "newsgroups": {
      "H": 1.8815,
      "base_l1": 0.658,
      "product": 1.238027,
      "v5_steer": 0.03520000000000005,
      "v5_steer_std": 0.028656587375331378,
      "mrl_steer": 0.0,
      "n_seeds": 5,
      "is_test": false
    },
    "trec": {
      "H": 2.2082,
      "base_l1": 0.718,
      "product": 1.5854876,
      "v5_steer": 0.044399999999999974,
      "v5_steer_std": 0.016637307474468302,
      "mrl_steer": -0.0007999999999999785,
      "n_seeds": 5,
      "is_test": false
    },
    "arxiv": {
      "H": 2.6238,
      "base_l1": 0.4645,
      "product": 1.2187551,
      "v5_steer": 0.02680000000000001,
      "v5_steer_std": 0.01540129864654277,
      "mrl_steer": -0.0007999999999999563,
      "n_seeds": 5,
      "is_test": false
    },
    "dbpedia_classes": {
      "H": 3.17,
      "base_l1": 0.78,
      "product": 2.4726,
      "v5_steer": 0.12000000000000002,
      "v5_steer_std": 0.01649242250247061,
      "mrl_steer": 0.007599999999999984,
      "n_seeds": 5,
      "is_test": false
    },
    "clinc": {
      "H": 3.9069,
      "base_l1": 0.8875,
      "product": 3.4673737499999997,
      "v5_steer": 0.15,
      "v5_steer_std": 0.02839013913315678,
      "mrl_steer": 0.006800000000000006,
      "n_seeds": 5,
      "is_test": false
    },
    "wos": {
      "H": 5.05,
      "base_l1": 0.17,
      "product": 0.8585,
      "v5_steer": 0.03760000000000002,
      "v5_steer_std": 0.025899806949087494,
      "mrl_steer": 0.0012000000000000038,
      "n_seeds": 5,
      "is_test": false
    },
    "hupd_sec_cls": {
      "H": 2.42,
      "base_l1": 0.4755,
      "product": 1.15071,
      "v5_steer": 0.043199999999999995,
      "v5_steer_std": 0.01942163741809638,
      "mrl_steer": -0.0019999999999999797,
      "n_seeds": 5,
      "is_test": true
    },
    "hupd_sec_sub": {
      "H": 4.44,
      "base_l1": 0.3335,
      "product": 1.4807400000000002,
      "v5_steer": 0.044800000000000006,
      "v5_steer_std": 0.020668817092422118,
      "mrl_steer": -0.008800000000000007,
      "n_seeds": 5,
      "is_test": true
    },
    "hwv_l0_l2": {
      "H": 4.09,
      "base_l1": 0.6855123674911661,
      "product": 2.803745583038869,
      "v5_steer": 0.09199999999999994,
      "v5_steer_std": 0.012727922061357854,
      "mrl_steer": 0.018000000000000016,
      "n_seeds": 5,
      "is_test": true
    },
    "hwv_l0_l3": {
      "H": 4.59,
      "base_l1": 0.7168262653898769,
      "product": 3.290232558139535,
      "v5_steer": 0.0764,
      "v5_steer_std": 0.01779887636902964,
      "mrl_steer": 0.005199999999999982,
      "n_seeds": 5,
      "is_test": true
    }
  }
}