{
  "timestamp": "2026-02-14T02:58:32.533993",
  "type": "prospective_validation_round2_partial",
  "results": {
    "amazon": {
      "predicted_S": 0.0028,
      "prediction_interval": [
        -0.0227,
        0.0284
      ],
      "actual_S_mean": 0.0046666666666666705,
      "actual_S_std": 0.015275252316519479,
      "actual_S_per_seed": [
        0.008000000000000007,
        0.018000000000000016,
        -0.01200000000000001
      ],
      "mrl_S_mean": 0.006666666666666636,
      "gap_mean": -0.001999999999999965,
      "residual": 0.0018666666666666706,
      "in_prediction_interval": true,
      "sign_correct": true,
      "seed_results": [
        {
          "v5_steer": 0.008000000000000007,
          "mrl_steer": 0.0039999999999998925,
          "gap": 0.004000000000000115,
          "v5_prefix": {
            "j1_l0": 0.65,
            "j1_l1": 0.568,
            "j2_l0": 0.644,
            "j2_l1": 0.57,
            "j3_l0": 0.634,
            "j3_l1": 0.56,
            "j4_l0": 0.64,
            "j4_l1": 0.566
          },
          "mrl_prefix": {
            "j1_l0": 0.626,
            "j1_l1": 0.548,
            "j2_l0": 0.642,
            "j2_l1": 0.568,
            "j3_l0": 0.65,
            "j3_l1": 0.576,
            "j4_l0": 0.658,
            "j4_l1": 0.584
          }
        },
        {
          "v5_steer": 0.018000000000000016,
          "mrl_steer": 0.020000000000000018,
          "gap": -0.0020000000000000018,
          "v5_prefix": {
            "j1_l0": 0.666,
            "j1_l1": 0.57,
            "j2_l0": 0.656,
            "j2_l1": 0.572,
            "j3_l0": 0.65,
            "j3_l1": 0.574,
            "j4_l0": 0.654,
            "j4_l1": 0.576
          },
          "mrl_prefix": {
            "j1_l0": 0.642,
            "j1_l1": 0.568,
            "j2_l0": 0.632,
            "j2_l1": 0.56,
            "j3_l0": 0.642,
            "j3_l1": 0.56,
            "j4_l0": 0.626,
            "j4_l1": 0.572
          }
        },
        {
          "v5_steer": -0.01200000000000001,
          "mrl_steer": -0.0040000000000000036,
          "gap": -0.008000000000000007,
          "v5_prefix": {
            "j1_l0": 0.632,
            "j1_l1": 0.554,
            "j2_l0": 0.642,
            "j2_l1": 0.58,
            "j3_l0": 0.638,
            "j3_l1": 0.568,
            "j4_l0": 0.652,
            "j4_l1": 0.562
          },
          "mrl_prefix": {
            "j1_l0": 0.652,
            "j1_l1": 0.58,
            "j2_l0": 0.64,
            "j2_l1": 0.568,
            "j3_l0": 0.644,
            "j3_l1": 0.564,
            "j4_l0": 0.648,
            "j4_l1": 0.572
          }
        }
      ]
    }
  }
}