{
  "datasets": [
    "yahoo",
    "newsgroups",
    "trec",
    "clinc"
  ],
  "h_l1_given_l0": [
    1.228792596271001,
    1.882495354671385,
    2.210907282922681,
    3.9034685491699452
  ],
  "v5_steer_mean": [
    0.010666666666666713,
    0.022000000000000058,
    0.04466666666666663,
    0.0534
  ],
  "v5_steer_std": [
    0.010498677165349109,
    0.024055491403558334,
    0.019136933459209728,
    0.003337663853655692
  ],
  "mrl_steer_mean": [
    0.0040000000000000036,
    0.009333333333333341,
    0.0033333333333333734,
    -0.010000000000000009
  ],
  "v5_mrl_gap": [
    0.00666666666666671,
    0.012666666666666717,
    0.04133333333333326,
    0.06340000000000001
  ],
  "spearman_v5": {
    "rho": 1.0,
    "p_exact": 0.041666666666666664
  },
  "spearman_gap": {
    "rho": 1.0,
    "p_exact": 0.041666666666666664
  },
  "spearman_mrl": {
    "rho": -0.7999999999999999,
    "p": 0.20000000000000007
  },
  "linear_fit": {
    "slope": 0.015432093477712959,
    "intercept": -0.0029094931401034627,
    "R2": 0.7928534215432745,
    "p": 0.10957683007275996,
    "slope_se": 0.00557766308231144
  },
  "interpretation": "Perfect rank correlation confirms Hierarchical Sufficiency Principle"
}