{
  "depth_2": {
    "flat": {
      "l0_acc": 0.915625,
      "l1_acc": 0.859375,
      "hier_acc": 0.8375,
      "epoch": 9
    },
    "fractal": {
      "l0_acc": 0.928125,
      "l1_acc": 0.89375,
      "hier_acc": 0.871875,
      "epoch": 5
    },
    "delta": {
      "l0": 0.012499999999999956,
      "l1": 0.034375000000000044,
      "hier": 0.03437499999999993
    }
  },
  "depth_3": {
    "flat": {
      "l0_acc": 0.78046875,
      "l1_acc": 0.72421875,
      "l2_acc": 0.7484375,
      "hier_acc": 0.628125,
      "epoch": 3
    },
    "fractal": {
      "l0_acc": 0.79609375,
      "l1_acc": 0.73515625,
      "l2_acc": 0.7546875,
      "hier_acc": 0.66328125,
      "epoch": 7
    },
    "delta": {
      "l0": 0.015625,
      "l1": 0.010937499999999933,
      "l2": 0.006249999999999978,
      "hier": 0.03515625
    }
  },
  "depth_4": {
    "flat": {
      "l0_acc": 0.6980582524271844,
      "l1_acc": 0.6388349514563106,
      "l2_acc": 0.6456310679611651,
      "l3_acc": 0.6621359223300971,
      "hier_acc": 0.45485436893203884,
      "epoch": 4
    },
    "fractal": {
      "l0_acc": 0.7169902912621359,
      "l1_acc": 0.6378640776699029,
      "l2_acc": 0.641747572815534,
      "l3_acc": 0.662621359223301,
      "hier_acc": 0.48446601941747575,
      "epoch": 7
    },
    "delta": {
      "l0": 0.018932038834951426,
      "l1": -0.0009708737864076999,
      "l2": -0.003883495145631133,
      "l3": 0.0004854368932039055,
      "hier": 0.029611650485436902
    }
  },
  "depth_5": {
    "flat": {
      "l0_acc": 0.6902542372881356,
      "l1_acc": 0.6190677966101695,
      "l2_acc": 0.6228813559322034,
      "l3_acc": 0.6389830508474577,
      "l4_acc": 0.6364406779661017,
      "hier_acc": 0.41483050847457625,
      "epoch": 4
    },
    "fractal": {
      "l0_acc": 0.7021186440677966,
      "l1_acc": 0.6288135593220339,
      "l2_acc": 0.6182203389830508,
      "l3_acc": 0.6241525423728813,
      "l4_acc": 0.6300847457627119,
      "hier_acc": 0.45805084745762714,
      "epoch": 8
    },
    "delta": {
      "l0": 0.011864406779660941,
      "l1": 0.009745762711864336,
      "l2": -0.004661016949152552,
      "l3": -0.014830508474576343,
      "l4": -0.006355932203389814,
      "hier": 0.04322033898305089
    }
  },
  "scaling_law": [
    {
      "depth": 2,
      "flat_hier": 0.8375,
      "frac_hier": 0.871875,
      "delta_hier": 0.03437499999999993,
      "rel_advantage": 4.104477611940291
    },
    {
      "depth": 3,
      "flat_hier": 0.628125,
      "frac_hier": 0.66328125,
      "delta_hier": 0.03515625,
      "rel_advantage": 5.597014925373134
    },
    {
      "depth": 4,
      "flat_hier": 0.45485436893203884,
      "frac_hier": 0.48446601941747575,
      "delta_hier": 0.029611650485436902,
      "rel_advantage": 6.510138740661688
    },
    {
      "depth": 5,
      "flat_hier": 0.41483050847457625,
      "frac_hier": 0.45805084745762714,
      "delta_hier": 0.04322033898305089,
      "rel_advantage": 10.41879468845762
    }
  ]
}