{
  "experiment": "synthetic_hierarchy_causal",
  "base_dataset": "clinc",
  "model": "bge-small",
  "k0_values": [
    2,
    3,
    5,
    10,
    15,
    25,
    50,
    75
  ],
  "results": [
    {
      "k0": 2,
      "hierarchy_stats": {
        "n_l0": 2,
        "n_l1": 150,
        "branching": 75.0,
        "h_l0": 0.9999307206722953,
        "h_l1": 7.225253896857759,
        "h_l1_given_l0": 6.225323176290781
      },
      "v5_prefix_accuracy": {
        "j1_l0": 0.934,
        "j1_l1": 0.62,
        "j2_l0": 0.916,
        "j2_l1": 0.68,
        "j3_l0": 0.898,
        "j3_l1": 0.688,
        "j4_l0": 0.878,
        "j4_l1": 0.698
      },
      "v5_steerability": 0.134,
      "mrl_prefix_accuracy": {
        "j1_l0": 0.818,
        "j1_l1": 0.694,
        "j2_l0": 0.826,
        "j2_l1": 0.702,
        "j3_l0": 0.83,
        "j3_l1": 0.696,
        "j4_l0": 0.826,
        "j4_l1": 0.692
      },
      "mrl_steerability": -0.010000000000000009
    },
    {
      "k0": 3,
      "hierarchy_stats": {
        "n_l0": 3,
        "n_l1": 150,
        "branching": 50.0,
        "h_l0": 1.5848963651487222,
        "h_l1": 7.225253896857759,
        "h_l1_given_l0": 5.640357531848978
      },
      "v5_prefix_accuracy": {
        "j1_l0": 0.912,
        "j1_l1": 0.586,
        "j2_l0": 0.896,
        "j2_l1": 0.69,
        "j3_l0": 0.87,
        "j3_l1": 0.678,
        "j4_l0": 0.84,
        "j4_l1": 0.664
      },
      "v5_steerability": 0.15000000000000013,
      "mrl_prefix_accuracy": {
        "j1_l0": 0.782,
        "j1_l1": 0.68,
        "j2_l0": 0.788,
        "j2_l1": 0.7,
        "j3_l0": 0.782,
        "j3_l1": 0.694,
        "j4_l0": 0.78,
        "j4_l1": 0.686
      },
      "mrl_steerability": 0.008000000000000007
    },
    {
      "k0": 5,
      "hierarchy_stats": {
        "n_l0": 5,
        "n_l1": 150,
        "branching": 30.0,
        "h_l0": 2.3218590284362066,
        "h_l1": 7.225253896857759,
        "h_l1_given_l0": 4.903394868587462
      },
      "v5_prefix_accuracy": {
        "j1_l0": 0.91,
        "j1_l1": 0.554,
        "j2_l0": 0.908,
        "j2_l1": 0.676,
        "j3_l0": 0.852,
        "j3_l1": 0.664,
        "j4_l0": 0.824,
        "j4_l1": 0.684
      },
      "v5_steerability": 0.21600000000000008,
      "mrl_prefix_accuracy": {
        "j1_l0": 0.726,
        "j1_l1": 0.672,
        "j2_l0": 0.748,
        "j2_l1": 0.682,
        "j3_l0": 0.738,
        "j3_l1": 0.686,
        "j4_l0": 0.732,
        "j4_l1": 0.68
      },
      "mrl_steerability": 0.0020000000000000018
    },
    {
      "k0": 10,
      "hierarchy_stats": {
        "n_l0": 10,
        "n_l1": 150,
        "branching": 15.0,
        "h_l0": 3.3218137403441146,
        "h_l1": 7.225253896857759,
        "h_l1_given_l0": 3.9034401566939816
      },
      "v5_prefix_accuracy": {
        "j1_l0": 0.906,
        "j1_l1": 0.534,
        "j2_l0": 0.878,
        "j2_l1": 0.664,
        "j3_l0": 0.834,
        "j3_l1": 0.686,
        "j4_l0": 0.79,
        "j4_l1": 0.688
      },
      "v5_steerability": 0.2699999999999999,
      "mrl_prefix_accuracy": {
        "j1_l0": 0.686,
        "j1_l1": 0.688,
        "j2_l0": 0.702,
        "j2_l1": 0.696,
        "j3_l0": 0.71,
        "j3_l1": 0.702,
        "j4_l0": 0.706,
        "j4_l1": 0.696
      },
      "mrl_steerability": -0.0119999999999999
    },
    {
      "k0": 15,
      "hierarchy_stats": {
        "n_l0": 15,
        "n_l1": 150,
        "branching": 10.0,
        "h_l0": 3.906462840354662,
        "h_l1": 7.225253896857759,
        "h_l1_given_l0": 3.3187910566834327
      },
      "v5_prefix_accuracy": {
        "j1_l0": 0.898,
        "j1_l1": 0.54,
        "j2_l0": 0.878,
        "j2_l1": 0.666,
        "j3_l0": 0.802,
        "j3_l1": 0.696,
        "j4_l0": 0.764,
        "j4_l1": 0.684
      },
      "v5_steerability": 0.278,
      "mrl_prefix_accuracy": {
        "j1_l0": 0.686,
        "j1_l1": 0.686,
        "j2_l0": 0.7,
        "j2_l1": 0.694,
        "j3_l0": 0.702,
        "j3_l1": 0.694,
        "j4_l0": 0.702,
        "j4_l1": 0.698
      },
      "mrl_steerability": -0.0040000000000000036
    },
    {
      "k0": 25,
      "hierarchy_stats": {
        "n_l0": 25,
        "n_l1": 150,
        "branching": 6.0,
        "h_l0": 4.643370428986211,
        "h_l1": 7.225253896857759,
        "h_l1_given_l0": 2.581883468043228
      },
      "v5_prefix_accuracy": {
        "j1_l0": 0.918,
        "j1_l1": 0.552,
        "j2_l0": 0.88,
        "j2_l1": 0.674,
        "j3_l0": 0.838,
        "j3_l1": 0.692,
        "j4_l0": 0.79,
        "j4_l1": 0.69
      },
      "v5_steerability": 0.2659999999999999,
      "mrl_prefix_accuracy": {
        "j1_l0": 0.674,
        "j1_l1": 0.69,
        "j2_l0": 0.69,
        "j2_l1": 0.69,
        "j3_l0": 0.682,
        "j3_l1": 0.686,
        "j4_l0": 0.686,
        "j4_l1": 0.684
      },
      "mrl_steerability": -0.017999999999999905
    },
    {
      "k0": 50,
      "hierarchy_stats": {
        "n_l0": 50,
        "n_l1": 150,
        "branching": 3.0,
        "h_l0": 5.642853345214641,
        "h_l1": 7.225253896857759,
        "h_l1_given_l0": 1.5824005517830584
      },
      "v5_prefix_accuracy": {
        "j1_l0": 0.894,
        "j1_l1": 0.564,
        "j2_l0": 0.842,
        "j2_l1": 0.644,
        "j3_l0": 0.802,
        "j3_l1": 0.686,
        "j4_l0": 0.768,
        "j4_l1": 0.69
      },
      "v5_steerability": 0.252,
      "mrl_prefix_accuracy": {
        "j1_l0": 0.694,
        "j1_l1": 0.682,
        "j2_l0": 0.686,
        "j2_l1": 0.7,
        "j3_l0": 0.686,
        "j3_l1": 0.688,
        "j4_l0": 0.692,
        "j4_l1": 0.69
      },
      "mrl_steerability": 0.009999999999999898
    },
    {
      "k0": 75,
      "hierarchy_stats": {
        "n_l0": 75,
        "n_l1": 150,
        "branching": 2.0,
        "h_l0": 6.227139121646754,
        "h_l1": 7.225253896857759,
        "h_l1_given_l0": 0.9981147753163211
      },
      "v5_prefix_accuracy": {
        "j1_l0": 0.846,
        "j1_l1": 0.584,
        "j2_l0": 0.83,
        "j2_l1": 0.636,
        "j3_l0": 0.766,
        "j3_l1": 0.686,
        "j4_l0": 0.726,
        "j4_l1": 0.696
      },
      "v5_steerability": 0.23199999999999998,
      "mrl_prefix_accuracy": {
        "j1_l0": 0.656,
        "j1_l1": 0.69,
        "j2_l0": 0.666,
        "j2_l1": 0.696,
        "j3_l0": 0.682,
        "j3_l1": 0.7,
        "j4_l0": 0.67,
        "j4_l1": 0.688
      },
      "mrl_steerability": -0.016000000000000014
    }
  ]
}