{
  "experiment": "three_level_hierarchy",
  "dataset": "clinc_3level",
  "hierarchy": "5 super-domains -> 10 domains -> 150 intents",
  "model": "bge-small",
  "seeds": [
    42,
    123,
    456
  ],
  "timestamp": "2026-02-09T15:09:23.744350",
  "results": [
    {
      "seed": 42,
      "v5": {
        "prefix_results": {
          "1": {
            "l0": 0.9865,
            "l1": 0.977,
            "l2": 0.9245
          },
          "2": {
            "l0": 0.9885,
            "l1": 0.981,
            "l2": 0.945
          },
          "3": {
            "l0": 0.9915,
            "l1": 0.985,
            "l2": 0.953
          },
          "4": {
            "l0": 0.9915,
            "l1": 0.987,
            "l2": 0.9585
          }
        },
        "steerability_02": 0.029000000000000026,
        "steerability_01": 0.0020000000000000018,
        "steerability_12": 0.007500000000000062,
        "monotonic_zoom_score": 0
      },
      "mrl": {
        "prefix_results": {
          "1": {
            "l0": 0.9865,
            "l1": 0.98,
            "l2": 0.956
          },
          "2": {
            "l0": 0.986,
            "l1": 0.9805,
            "l2": 0.9565
          },
          "3": {
            "l0": 0.987,
            "l1": 0.9815,
            "l2": 0.9585
          },
          "4": {
            "l0": 0.987,
            "l1": 0.9825,
            "l2": 0.957
          }
        },
        "steerability_02": 0.000500000000000056,
        "steerability_01": 0.001000000000000112,
        "steerability_12": -0.0015000000000000568,
        "monotonic_zoom_score": 1
      }
    },
    {
      "seed": 123,
      "v5": {
        "prefix_results": {
          "1": {
            "l0": 0.9845,
            "l1": 0.9765,
            "l2": 0.931
          },
          "2": {
            "l0": 0.987,
            "l1": 0.983,
            "l2": 0.9485
          },
          "3": {
            "l0": 0.9885,
            "l1": 0.9845,
            "l2": 0.955
          },
          "4": {
            "l0": 0.9905,
            "l1": 0.986,
            "l2": 0.959
          }
        },
        "steerability_02": 0.02199999999999991,
        "steerability_01": 0.0040000000000000036,
        "steerability_12": 0.007499999999999951,
        "monotonic_zoom_score": 0
      },
      "mrl": {
        "prefix_results": {
          "1": {
            "l0": 0.981,
            "l1": 0.9765,
            "l2": 0.948
          },
          "2": {
            "l0": 0.9855,
            "l1": 0.9805,
            "l2": 0.948
          },
          "3": {
            "l0": 0.986,
            "l1": 0.982,
            "l2": 0.948
          },
          "4": {
            "l0": 0.9865,
            "l1": 0.981,
            "l2": 0.9505
          }
        },
        "steerability_02": -0.0030000000000000027,
        "steerability_01": -0.000500000000000056,
        "steerability_12": 0.002000000000000113,
        "monotonic_zoom_score": 0
      }
    },
    {
      "seed": 456,
      "v5": {
        "prefix_results": {
          "1": {
            "l0": 0.988,
            "l1": 0.978,
            "l2": 0.924
          },
          "2": {
            "l0": 0.9905,
            "l1": 0.9855,
            "l2": 0.948
          },
          "3": {
            "l0": 0.991,
            "l1": 0.986,
            "l2": 0.955
          },
          "4": {
            "l0": 0.991,
            "l1": 0.987,
            "l2": 0.958
          }
        },
        "steerability_02": 0.030999999999999917,
        "steerability_01": 0.0050000000000000044,
        "steerability_12": 0.008500000000000063,
        "monotonic_zoom_score": 0
      },
      "mrl": {
        "prefix_results": {
          "1": {
            "l0": 0.9855,
            "l1": 0.98,
            "l2": 0.9435
          },
          "2": {
            "l0": 0.9865,
            "l1": 0.98,
            "l2": 0.95
          },
          "3": {
            "l0": 0.985,
            "l1": 0.98,
            "l2": 0.9515
          },
          "4": {
            "l0": 0.986,
            "l1": 0.98,
            "l2": 0.951
          }
        },
        "steerability_02": 0.007000000000000006,
        "steerability_01": -0.0010000000000000009,
        "steerability_12": 0.0010000000000000009,
        "monotonic_zoom_score": 1
      }
    }
  ]
}