{
  "pre_registered_prediction": 0.873,
  "tolerance": 0.05,
  "null_threshold": 0.1,
  "results": {
    "Qwen3-0.6B (reference)": {
      "betas": [
        10.236438144939287,
        10.432917458399737,
        10.9962750290721,
        10.08539644515221,
        9.470226892167494,
        8.197918379524886,
        6.099451958494406,
        4.0063183561366795,
        2.646069762445017,
        1.7439739533467697,
        0.1919297658875112,
        0.14532293328966678,
        0.4727331507413559
      ],
      "mus": [
        -0.5,
        -0.5,
        -0.5,
        -0.5,
        -0.5,
        -0.5,
        -0.5,
        -0.5,
        -0.5,
        -0.5,
        -0.5,
        1.5,
        0.9033990626944288
      ],
      "delta_r2s": [
        -0.03461441975348367,
        -0.032041894236361945,
        -0.022355820873005694,
        -0.024524673162801935,
        -0.024996315864605934,
        -0.030207108055934406,
        -0.03681838217366362,
        -0.04283732527744022,
        -0.020433036080298117,
        -0.009492582741685518,
        -0.02376287059859883,
        -0.0013158609968831891,
        0.020345735454033287
      ],
      "mean_knns": [
        0.18417241379310345,
        0.18806896551724137,
        0.18101724137931036,
        0.17889655172413793,
        0.1788793103448276,
        0.18056896551724136,
        0.18520689655172415,
        0.2086896551724138,
        0.2483275862068966,
        0.30774137931034484,
        0.5079999999999999,
        0.5936379310344828,
        0.6108965517241378
      ],
      "alpha_star_beta": 0.8739675506457286,
      "alpha_star_mu": 0.905,
      "alpha_star_delta": 0.9530373130620008,
      "alpha_star_sigmoid": 0.8725505693692849,
      "alpha_star_consensus": 0.9011388582692537,
      "alpha_star_std": 0.032649380719777965,
      "n_methods": 4
    },
    "SmolLM2-1.7B (blind test)": {
      "betas": [
        1.5640864092060285,
        1.6411088585205071,
        2.178444600298126,
        2.1255147703097763,
        2.3474144471989487,
        3.654502649055053,
        2.0221406471917094,
        1.9564647623242888,
        1.5099126411627073,
        1.64075944186573,
        0.8045924593054736,
        1.5830707673149458,
        1.9898720736266444
      ],
      "mus": [
        -0.5,
        -0.5,
        -0.5,
        -0.5,
        -0.5,
        -0.5,
        -0.5,
        -0.5,
        -0.5,
        -0.1302236772537556,
        0.30234841905605087,
        0.5128165442441297,
        0.5236660620019598
      ],
      "delta_r2s": [
        -0.10951766338640023,
        -0.1155689784629148,
        -0.10712535692330083,
        -0.10180367803090273,
        -0.10818833995768673,
        -0.07053686906854906,
        -0.08115960719015769,
        -0.042593788994463866,
        0.004418092179821698,
        0.03053939534582817,
        0.05943530910989203,
        0.1830493476584798,
        0.23589409545393503
      ],
      "mean_knns": [
        0.18068,
        0.18366,
        0.17984000000000003,
        0.18426,
        0.19116,
        0.18978,
        0.21312,
        0.22846000000000002,
        0.26942,
        0.32537999999999995,
        0.4493,
        0.49406,
        0.50544
      ],
      "alpha_star_beta": 0.8883152800355613,
      "alpha_star_mu": 0.8270433756432328,
      "alpha_star_delta": 0.7906021795566047,
      "alpha_star_sigmoid": 0.8581163000293254,
      "alpha_star_consensus": 0.8410192838161811,
      "alpha_star_std": 0.036285085203688776,
      "n_methods": 4
    },
    "OLMo-2-1B (blind test)": {
      "betas": [
        3.5900791627805044,
        3.8264532368131148,
        3.644981251688332,
        3.8504680459614162,
        3.7931026647418724,
        2.9723218256169646,
        2.730252086771031,
        1.991914245472425,
        0.742526156201397,
        0.20592046898381497,
        0.09082654839288588,
        0.05564438351969769,
        0.0799123623651946
      ],
      "mus": [
        -0.5,
        -0.5,
        -0.5,
        -0.5,
        -0.5,
        -0.5,
        -0.5,
        -0.5,
        -0.5,
        -0.5,
        -0.5,
        -0.5,
        -0.5
      ],
      "delta_r2s": [
        -0.06862932083060835,
        -0.07101338044260153,
        -0.07898037909791333,
        -0.07943766087994752,
        -0.08234496260926882,
        -0.0821823405579275,
        -0.05227132645020738,
        -0.025365776522544348,
        -0.043951051371787786,
        -0.06952358674830528,
        -0.03992673624451537,
        -0.025911231592435247,
        -0.013194571788058274
      ],
      "mean_knns": [
        0.2398235294117647,
        0.23888235294117652,
        0.2417058823529412,
        0.24452941176470588,
        0.2516764705882353,
        0.2684705882352941,
        0.2851470588235294,
        0.34282352941176475,
        0.5106470588235295,
        0.6090588235294118,
        0.6485294117647059,
        0.6688529411764707,
        0.6835
      ],
      "alpha_star_beta": 0.7793920042931712,
      "alpha_star_mu": null,
      "alpha_star_delta": null,
      "alpha_star_sigmoid": 0.7745105575283531,
      "alpha_star_consensus": 0.7769512809107622,
      "alpha_star_std": 0.0024407233824090824,
      "n_methods": 2
    }
  },
  "alpha_stars": [
    0.9011388582692537,
    0.8410192838161811,
    0.7769512809107622
  ],
  "mean_alpha_star": 0.8397031409987323,
  "std_alpha_star": 0.05070790711831683
}