{
  "mi_profile": [
    [
      1,
      3.306736
    ],
    [
      2,
      2.24201
    ],
    [
      3,
      1.759025
    ],
    [
      5,
      1.43615
    ],
    [
      8,
      1.232176
    ],
    [
      13,
      1.163337
    ],
    [
      21,
      1.128477
    ],
    [
      34,
      1.069505
    ],
    [
      55,
      1.045992
    ],
    [
      89,
      1.004201
    ],
    [
      144,
      0.985007
    ]
  ],
  "two_regime": {
    "d_cross": 8,
    "alpha_L": 0.5259500319316396,
    "alpha_G": 0.077283325524144,
    "k": 4,
    "residual": 0.0032118787787211163
  },
  "predicted_R": 4.805,
  "measured_R": 2.177
}