{
  "method": "heal",
  "model": "bge-small",
  "dataset": "dbpedia_classes",
  "seed": 42,
  "prefix_accuracy": {
    "j1_l0": 0.9735,
    "j1_l1": 0.5435,
    "j2_l0": 0.9735,
    "j2_l1": 0.9095,
    "j3_l0": 0.971,
    "j3_l1": 0.909,
    "j4_l0": 0.9725,
    "j4_l1": 0.909
  },
  "steerability": 0.36650000000000005,
  "training": {
    "epochs_run": 30,
    "best_loss": 4.7698423734194115,
    "head_params": 611727
  }
}