{
  "method": "heal",
  "model": "bge-small",
  "dataset": "goemotions",
  "seed": 42,
  "prefix_accuracy": {
    "j1_l0": 0.5711764705882353,
    "j1_l1": 0.38176470588235295,
    "j2_l0": 0.5911764705882353,
    "j2_l1": 0.4776470588235294,
    "j3_l0": 0.59,
    "j3_l1": 0.4776470588235294,
    "j4_l0": 0.5929411764705882,
    "j4_l1": 0.4852941176470588
  },
  "steerability": 0.08176470588235296,
  "training": {
    "epochs_run": 30,
    "best_loss": 5.998504775943178,
    "head_params": 600608
  }
}