{
  "method": "heal",
  "model": "bge-small",
  "dataset": "goemotions",
  "seed": 123,
  "prefix_accuracy": {
    "j1_l0": 0.5835294117647059,
    "j1_l1": 0.40352941176470586,
    "j2_l0": 0.6,
    "j2_l1": 0.4682352941176471,
    "j3_l0": 0.5976470588235294,
    "j3_l1": 0.4764705882352941,
    "j4_l0": 0.5935294117647059,
    "j4_l1": 0.4894117647058824
  },
  "steerability": 0.07588235294117651,
  "training": {
    "epochs_run": 30,
    "best_loss": 6.009505826415437,
    "head_params": 600608
  }
}