{
  "method": "heal",
  "model": "bge-small",
  "dataset": "goemotions",
  "seed": 1024,
  "prefix_accuracy": {
    "j1_l0": 0.5911764705882353,
    "j1_l1": 0.3988235294117647,
    "j2_l0": 0.5911764705882353,
    "j2_l1": 0.4641176470588235,
    "j3_l0": 0.6005882352941176,
    "j3_l1": 0.4776470588235294,
    "j4_l0": 0.5888235294117647,
    "j4_l1": 0.4682352941176471
  },
  "steerability": 0.07176470588235295,
  "training": {
    "epochs_run": 30,
    "best_loss": 6.018970263726784,
    "head_params": 600608
  }
}