{
  "method": "heal",
  "model": "bge-small",
  "dataset": "goemotions",
  "seed": 456,
  "prefix_accuracy": {
    "j1_l0": 0.5776470588235294,
    "j1_l1": 0.39705882352941174,
    "j2_l0": 0.6147058823529412,
    "j2_l1": 0.47705882352941176,
    "j3_l0": 0.6035294117647059,
    "j3_l1": 0.4858823529411765,
    "j4_l0": 0.611764705882353,
    "j4_l1": 0.49117647058823527
  },
  "steerability": 0.05999999999999994,
  "training": {
    "epochs_run": 30,
    "best_loss": 6.004991840232503,
    "head_params": 600608
  }
}