{
  "method": "heal",
  "model": "bge-small",
  "dataset": "goemotions",
  "seed": 789,
  "prefix_accuracy": {
    "j1_l0": 0.5711764705882353,
    "j1_l1": 0.37823529411764706,
    "j2_l0": 0.5782352941176471,
    "j2_l1": 0.46352941176470586,
    "j3_l0": 0.5776470588235294,
    "j3_l1": 0.4641176470588235,
    "j4_l0": 0.5747058823529412,
    "j4_l1": 0.46058823529411763
  },
  "steerability": 0.07882352941176468,
  "training": {
    "epochs_run": 30,
    "best_loss": 5.997842902486974,
    "head_params": 600608
  }
}