{
  "method": "heal",
  "model": "bge-small",
  "dataset": "hupd_sec_cls",
  "seed": 456,
  "prefix_accuracy": {
    "j1_l0": 0.6473333333333333,
    "j1_l1": 0.3616666666666667,
    "j2_l0": 0.6606666666666666,
    "j2_l1": 0.518,
    "j3_l0": 0.6606666666666666,
    "j3_l1": 0.5226666666666666,
    "j4_l0": 0.659,
    "j4_l1": 0.5243333333333333
  },
  "steerability": 0.1509999999999999,
  "training": {
    "epochs_run": 30,
    "best_loss": 5.476173255403163,
    "head_params": 624769
  }
}