{
  "method": "heal",
  "model": "bge-small",
  "dataset": "hupd_sec_cls",
  "seed": 789,
  "prefix_accuracy": {
    "j1_l0": 0.651,
    "j1_l1": 0.37,
    "j2_l0": 0.6606666666666666,
    "j2_l1": 0.526,
    "j3_l0": 0.6673333333333333,
    "j3_l1": 0.5306666666666666,
    "j4_l0": 0.667,
    "j4_l1": 0.5356666666666666
  },
  "steerability": 0.14966666666666661,
  "training": {
    "epochs_run": 30,
    "best_loss": 5.473986851966988,
    "head_params": 624769
  }
}