{
  "method": "heal",
  "model": "bge-small",
  "dataset": "hupd_sec_sub",
  "seed": 789,
  "prefix_accuracy": {
    "j1_l0": 0.6566,
    "j1_l1": 0.2464,
    "j2_l0": 0.6794,
    "j2_l1": 0.3992,
    "j3_l0": 0.6812,
    "j3_l1": 0.4118,
    "j4_l0": 0.6854,
    "j4_l1": 0.414
  },
  "steerability": 0.13879999999999992,
  "training": {
    "epochs_run": 30,
    "best_loss": 5.547611713409424,
    "head_params": 744531
  }
}