{
  "method": "heal",
  "model": "bge-small",
  "dataset": "hupd_sec_sub",
  "seed": 1024,
  "prefix_accuracy": {
    "j1_l0": 0.6684,
    "j1_l1": 0.2446,
    "j2_l0": 0.6852,
    "j2_l1": 0.3886,
    "j3_l0": 0.6858,
    "j3_l1": 0.4038,
    "j4_l0": 0.6882,
    "j4_l1": 0.4098
  },
  "steerability": 0.14539999999999995,
  "training": {
    "epochs_run": 30,
    "best_loss": 5.5441042707321495,
    "head_params": 744531
  }
}