{
  "method": "heal",
  "model": "bge-small",
  "dataset": "hupd_sec_cls",
  "seed": 42,
  "prefix_accuracy": {
    "j1_l0": 0.6363333333333333,
    "j1_l1": 0.367,
    "j2_l0": 0.6533333333333333,
    "j2_l1": 0.5213333333333333,
    "j3_l0": 0.66,
    "j3_l1": 0.5286666666666666,
    "j4_l0": 0.6616666666666666,
    "j4_l1": 0.528
  },
  "steerability": 0.1356666666666667,
  "training": {
    "epochs_run": 30,
    "best_loss": 5.466715273210558,
    "head_params": 624769
  }
}