{
  "method": "heal",
  "model": "bge-small",
  "dataset": "hupd_sec_cls",
  "seed": 1024,
  "prefix_accuracy": {
    "j1_l0": 0.6496666666666666,
    "j1_l1": 0.37066666666666664,
    "j2_l0": 0.6643333333333333,
    "j2_l1": 0.5186666666666667,
    "j3_l0": 0.6603333333333333,
    "j3_l1": 0.521,
    "j4_l0": 0.6593333333333333,
    "j4_l1": 0.5286666666666666
  },
  "steerability": 0.14833333333333326,
  "training": {
    "epochs_run": 30,
    "best_loss": 5.459153836056338,
    "head_params": 624769
  }
}