{
  "method": "heal",
  "model": "bge-small",
  "dataset": "hwv_l0_l3",
  "seed": 123,
  "prefix_accuracy": {
    "j1_l0": 0.9904240766073872,
    "j1_l1": 0.45006839945280436,
    "j2_l0": 0.9863201094391245,
    "j2_l1": 0.8372093023255814,
    "j3_l0": 0.9835841313269493,
    "j3_l1": 0.8372093023255814,
    "j4_l0": 0.9849521203830369,
    "j4_l1": 0.8331053351573188
  },
  "steerability": 0.3885088919288647,
  "training": {
    "epochs_run": 30,
    "best_loss": 3.4218939233709267,
    "head_params": 652912
  }
}