{
  "method": "heal",
  "model": "bge-small",
  "dataset": "hwv_l0_l2",
  "seed": 789,
  "prefix_accuracy": {
    "j1_l0": 0.9611307420494699,
    "j1_l1": 0.44381625441696115,
    "j2_l0": 0.9611307420494699,
    "j2_l1": 0.792226148409894,
    "j3_l0": 0.9681978798586572,
    "j3_l1": 0.8042402826855124,
    "j4_l0": 0.9646643109540636,
    "j4_l1": 0.8007067137809187
  },
  "steerability": 0.3533568904593639,
  "training": {
    "epochs_run": 30,
    "best_loss": 3.451638200066306,
    "head_params": 658823
  }
}