{
  "method": "heal",
  "model": "bge-small",
  "dataset": "hwv_l0_l3",
  "seed": 456,
  "prefix_accuracy": {
    "j1_l0": 0.987688098495212,
    "j1_l1": 0.3953488372093023,
    "j2_l0": 0.987688098495212,
    "j2_l1": 0.8440492476060192,
    "j3_l0": 0.987688098495212,
    "j3_l1": 0.853625170998632,
    "j4_l0": 0.9835841313269493,
    "j4_l1": 0.8454172366621067
  },
  "steerability": 0.454172366621067,
  "training": {
    "epochs_run": 30,
    "best_loss": 3.4301539262135825,
    "head_params": 652912
  }
}