{
  "method": "heal",
  "model": "bge-small",
  "dataset": "hwv_l0_l3",
  "seed": 1024,
  "prefix_accuracy": {
    "j1_l0": 0.9904240766073872,
    "j1_l1": 0.4240766073871409,
    "j2_l0": 0.9863201094391245,
    "j2_l1": 0.8481532147742818,
    "j3_l0": 0.9863201094391245,
    "j3_l1": 0.8522571819425444,
    "j4_l0": 0.9863201094391245,
    "j4_l1": 0.853625170998632
  },
  "steerability": 0.43365253077975374,
  "training": {
    "epochs_run": 30,
    "best_loss": 3.402538811718976,
    "head_params": 652912
  }
}