{
  "method": "heal",
  "model": "bge-small",
  "dataset": "hwv_l0_l3",
  "seed": 789,
  "prefix_accuracy": {
    "j1_l0": 0.9890560875512996,
    "j1_l1": 0.4172366621067031,
    "j2_l0": 0.9849521203830369,
    "j2_l1": 0.8194254445964432,
    "j3_l0": 0.9822161422708618,
    "j3_l1": 0.8290013679890561,
    "j4_l0": 0.9808481532147743,
    "j4_l1": 0.8399452804377565
  },
  "steerability": 0.4309165526675787,
  "training": {
    "epochs_run": 30,
    "best_loss": 3.436052507824368,
    "head_params": 652912
  }
}