{
  "method": "heal",
  "model": "bge-small",
  "dataset": "hwv_l0_l2",
  "seed": 123,
  "prefix_accuracy": {
    "j1_l0": 0.9618374558303887,
    "j1_l1": 0.4501766784452297,
    "j2_l0": 0.9618374558303887,
    "j2_l1": 0.7957597173144876,
    "j3_l0": 0.9590106007067137,
    "j3_l1": 0.8070671378091873,
    "j4_l0": 0.9604240282685512,
    "j4_l1": 0.8070671378091873
  },
  "steerability": 0.35830388692579507,
  "training": {
    "epochs_run": 30,
    "best_loss": 3.465372134338726,
    "head_params": 658823
  }
}