{
  "method": "heal",
  "model": "bge-small",
  "dataset": "hwv_l0_l2",
  "seed": 1024,
  "prefix_accuracy": {
    "j1_l0": 0.9618374558303887,
    "j1_l1": 0.43462897526501765,
    "j2_l0": 0.9632508833922262,
    "j2_l1": 0.7858657243816255,
    "j3_l0": 0.9660777385159011,
    "j3_l1": 0.7971731448763251,
    "j4_l0": 0.9660777385159011,
    "j4_l1": 0.8
  },
  "steerability": 0.36113074204947004,
  "training": {
    "epochs_run": 30,
    "best_loss": 3.4600520730018616,
    "head_params": 658823
  }
}