{
  "method": "heal",
  "model": "bge-small",
  "dataset": "hwv_l0_l2",
  "seed": 456,
  "prefix_accuracy": {
    "j1_l0": 0.9590106007067137,
    "j1_l1": 0.43250883392226147,
    "j2_l0": 0.9703180212014134,
    "j2_l1": 0.7992932862190812,
    "j3_l0": 0.9660777385159011,
    "j3_l1": 0.8176678445229681,
    "j4_l0": 0.9660777385159011,
    "j4_l1": 0.8190812720848056
  },
  "steerability": 0.37950530035335683,
  "training": {
    "epochs_run": 30,
    "best_loss": 3.4639241045171563,
    "head_params": 658823
  }
}