{
  "method": "heal",
  "model": "bge-small",
  "dataset": "hwv_l0_l2",
  "seed": 42,
  "prefix_accuracy": {
    "j1_l0": 0.9568904593639576,
    "j1_l1": 0.43109540636042404,
    "j2_l0": 0.9618374558303887,
    "j2_l1": 0.8021201413427562,
    "j3_l0": 0.9639575971731449,
    "j3_l1": 0.8028268551236749,
    "j4_l0": 0.9632508833922262,
    "j4_l1": 0.8141342756183746
  },
  "steerability": 0.3766784452296819,
  "training": {
    "epochs_run": 30,
    "best_loss": 3.475318345156583,
    "head_params": 658823
  }
}