{
  "method": "heal",
  "model": "bge-small",
  "dataset": "hwv_l0_l3",
  "seed": 42,
  "prefix_accuracy": {
    "j1_l0": 0.9808481532147743,
    "j1_l1": 0.4363885088919289,
    "j2_l0": 0.9808481532147743,
    "j2_l1": 0.8002735978112175,
    "j3_l0": 0.9794801641586868,
    "j3_l1": 0.8207934336525308,
    "j4_l0": 0.9781121751025992,
    "j4_l1": 0.8303693570451436
  },
  "steerability": 0.3967168262653898,
  "training": {
    "epochs_run": 30,
    "best_loss": 3.4404411139311613,
    "head_params": 652912
  }
}