{
  "method": "heal",
  "model": "bge-small",
  "dataset": "trec",
  "seed": 42,
  "prefix_accuracy": {
    "j1_l0": 0.944,
    "j1_l1": 0.638,
    "j2_l0": 0.942,
    "j2_l1": 0.812,
    "j3_l0": 0.934,
    "j3_l1": 0.822,
    "j4_l0": 0.934,
    "j4_l1": 0.822
  },
  "steerability": 0.19399999999999984,
  "training": {
    "epochs_run": 30,
    "best_loss": 4.98272239330203,
    "head_params": 606392
  }
}