{
  "method": "csr",
  "model": "bge-small",
  "dataset": "goemotions",
  "seed": 789,
  "prefix_accuracy": {
    "j1_l0": 0.5429411764705883,
    "j1_l1": 0.4323529411764706,
    "j2_l0": 0.5535294117647059,
    "j2_l1": 0.44823529411764707,
    "j3_l0": 0.5617647058823529,
    "j3_l1": 0.44941176470588234,
    "j4_l0": 0.5523529411764706,
    "j4_l1": 0.45647058823529413
  },
  "steerability": 0.01470588235294118,
  "training": {
    "epochs_run": 30,
    "best_loss": 1.541901598374049,
    "head_params": 766368
  }
}