{
  "method": "csr",
  "model": "bge-small",
  "dataset": "goemotions",
  "seed": 456,
  "prefix_accuracy": {
    "j1_l0": 0.5647058823529412,
    "j1_l1": 0.4423529411764706,
    "j2_l0": 0.5623529411764706,
    "j2_l1": 0.4476470588235294,
    "j3_l0": 0.558235294117647,
    "j3_l1": 0.4429411764705882,
    "j4_l0": 0.5558823529411765,
    "j4_l1": 0.43941176470588234
  },
  "steerability": 0.005882352941176394,
  "training": {
    "epochs_run": 30,
    "best_loss": 1.5457829498883449,
    "head_params": 766368
  }
}