{
  "method": "csr",
  "model": "bge-small",
  "dataset": "goemotions",
  "seed": 1024,
  "prefix_accuracy": {
    "j1_l0": 0.5723529411764706,
    "j1_l1": 0.4511764705882353,
    "j2_l0": 0.5923529411764706,
    "j2_l1": 0.45588235294117646,
    "j3_l0": 0.5847058823529412,
    "j3_l1": 0.4511764705882353,
    "j4_l0": 0.5929411764705882,
    "j4_l1": 0.4541176470588235
  },
  "steerability": -0.01764705882352935,
  "training": {
    "epochs_run": 30,
    "best_loss": 1.5487765669822693,
    "head_params": 766368
  }
}