{
  "method": "csr",
  "model": "bge-small",
  "dataset": "goemotions",
  "seed": 42,
  "prefix_accuracy": {
    "j1_l0": 0.5852941176470589,
    "j1_l1": 0.4576470588235294,
    "j2_l0": 0.5858823529411765,
    "j2_l1": 0.46058823529411763,
    "j3_l0": 0.5864705882352941,
    "j3_l1": 0.4623529411764706,
    "j4_l0": 0.58,
    "j4_l1": 0.46058823529411763
  },
  "steerability": 0.008235294117647118,
  "training": {
    "epochs_run": 30,
    "best_loss": 1.543864796559016,
    "head_params": 766368
  }
}