{
  "method": "csr",
  "model": "bge-small",
  "dataset": "goemotions",
  "seed": 123,
  "prefix_accuracy": {
    "j1_l0": 0.5652941176470588,
    "j1_l1": 0.44588235294117645,
    "j2_l0": 0.5782352941176471,
    "j2_l1": 0.4511764705882353,
    "j3_l0": 0.5735294117647058,
    "j3_l1": 0.44058823529411767,
    "j4_l0": 0.5788235294117647,
    "j4_l1": 0.45176470588235296
  },
  "steerability": -0.007647058823529396,
  "training": {
    "epochs_run": 30,
    "best_loss": 1.550392580754829,
    "head_params": 766368
  }
}