{
  "method": "csr",
  "model": "bge-small",
  "dataset": "hupd_sec_cls",
  "seed": 1024,
  "prefix_accuracy": {
    "j1_l0": 0.6383333333333333,
    "j1_l1": 0.497,
    "j2_l0": 0.64,
    "j2_l1": 0.49833333333333335,
    "j3_l0": 0.6356666666666667,
    "j3_l1": 0.496,
    "j4_l0": 0.633,
    "j4_l1": 0.48966666666666664
  },
  "steerability": -0.0020000000000000573,
  "training": {
    "epochs_run": 30,
    "best_loss": 1.546846404924231,
    "head_params": 791297
  }
}