{
  "method": "csr",
  "model": "bge-small",
  "dataset": "hupd_sec_cls",
  "seed": 42,
  "prefix_accuracy": {
    "j1_l0": 0.6396666666666667,
    "j1_l1": 0.507,
    "j2_l0": 0.6416666666666667,
    "j2_l1": 0.513,
    "j3_l0": 0.6493333333333333,
    "j3_l1": 0.5146666666666667,
    "j4_l0": 0.6486666666666666,
    "j4_l1": 0.511
  },
  "steerability": -0.004999999999999893,
  "training": {
    "epochs_run": 30,
    "best_loss": 1.5545351697226701,
    "head_params": 791297
  }
}