{
  "method": "csr",
  "model": "bge-small",
  "dataset": "hupd_sec_cls",
  "seed": 123,
  "prefix_accuracy": {
    "j1_l0": 0.6463333333333333,
    "j1_l1": 0.49966666666666665,
    "j2_l0": 0.653,
    "j2_l1": 0.5123333333333333,
    "j3_l0": 0.655,
    "j3_l1": 0.5123333333333333,
    "j4_l0": 0.66,
    "j4_l1": 0.519
  },
  "steerability": 0.005666666666666653,
  "training": {
    "epochs_run": 30,
    "best_loss": 1.562402400930049,
    "head_params": 791297
  }
}