{
  "method": "csr",
  "model": "bge-small",
  "dataset": "hupd_sec_cls",
  "seed": 789,
  "prefix_accuracy": {
    "j1_l0": 0.638,
    "j1_l1": 0.49366666666666664,
    "j2_l0": 0.6446666666666667,
    "j2_l1": 0.5003333333333333,
    "j3_l0": 0.643,
    "j3_l1": 0.49933333333333335,
    "j4_l0": 0.6436666666666667,
    "j4_l1": 0.49766666666666665
  },
  "steerability": -0.0016666666666667052,
  "training": {
    "epochs_run": 30,
    "best_loss": 1.5528735669992737,
    "head_params": 791297
  }
}