{
  "method": "csr",
  "model": "bge-small",
  "dataset": "trec",
  "seed": 1024,
  "prefix_accuracy": {
    "j1_l0": 0.932,
    "j1_l1": 0.786,
    "j2_l0": 0.936,
    "j2_l1": 0.802,
    "j3_l0": 0.94,
    "j3_l1": 0.808,
    "j4_l0": 0.934,
    "j4_l1": 0.802
  },
  "steerability": 0.014000000000000012,
  "training": {
    "epochs_run": 30,
    "best_loss": 1.4944582373596902,
    "head_params": 772536
  }
}