{
  "method": "csr",
  "model": "bge-small",
  "dataset": "trec",
  "seed": 123,
  "prefix_accuracy": {
    "j1_l0": 0.936,
    "j1_l1": 0.82,
    "j2_l0": 0.936,
    "j2_l1": 0.818,
    "j3_l0": 0.94,
    "j3_l1": 0.834,
    "j4_l0": 0.938,
    "j4_l1": 0.832
  },
  "steerability": 0.01000000000000012,
  "training": {
    "epochs_run": 30,
    "best_loss": 1.4924296639686407,
    "head_params": 772536
  }
}