{
  "method": "csr",
  "model": "bge-small",
  "dataset": "wos",
  "seed": 789,
  "prefix_accuracy": {
    "j1_l0": 0.5825,
    "j1_l1": 0.1285,
    "j2_l0": 0.585,
    "j2_l1": 0.1195,
    "j3_l0": 0.584,
    "j3_l1": 0.121,
    "j4_l0": 0.5845,
    "j4_l1": 0.1195
  },
  "steerability": -0.01100000000000001,
  "training": {
    "epochs_run": 30,
    "best_loss": 2.730622705025009,
    "head_params": 847066
  }
}