{
  "method": "csr",
  "model": "bge-small",
  "dataset": "wos",
  "seed": 123,
  "prefix_accuracy": {
    "j1_l0": 0.589,
    "j1_l1": 0.112,
    "j2_l0": 0.5995,
    "j2_l1": 0.1205,
    "j3_l0": 0.5995,
    "j3_l1": 0.1255,
    "j4_l0": 0.592,
    "j4_l1": 0.1225
  },
  "steerability": 0.007499999999999993,
  "training": {
    "epochs_run": 30,
    "best_loss": 2.738042623181886,
    "head_params": 847066
  }
}