{
  "method": "v6_adversarial",
  "model": "bge-small",
  "dataset": "clinc",
  "seed": 42,
  "lambda_adv": 0.0,
  "prefix_accuracy": {
    "j1_l0": 0.98,
    "j1_l1": 0.9385,
    "j2_l0": 0.981,
    "j2_l1": 0.955,
    "j3_l0": 0.9835,
    "j3_l1": 0.958,
    "j4_l0": 0.9835,
    "j4_l1": 0.9585
  },
  "steerability": 0.01649999999999996,
  "training": {
    "epochs_run": 20,
    "best_loss": 0.0006735691076639898,
    "total_params": 5051350,
    "v5_head_params": 5021472,
    "adversary_params": 29878
  }
}